# role
insert into fams.role (role_id, role)
values  (1, 'SUPERADMIN'),
        (2, 'ADMIN'),
        (3, 'TRAINER');

INSERT INTO fams.user (user_id, creation_date, last_modified_date, dob, email, gender, is_first_login, name, password, phone, status, create_by, modify_by, class_user_id, role_id) VALUES (1, null, '2023-12-12', '1999-01-12', 'super@test.com', 'M', true, 'Hello sayhi', '$2a$10$FzKm8E5uZvlhHzU.lqLHn.6Ck01/HDkh6Pm5LpCCkporzAVJJbQ3i', '', 'ACTIVE', null, 1, null, 1);
INSERT INTO fams.user (user_id, creation_date, last_modified_date, dob, email, gender, is_first_login, name, password, phone, status, create_by, modify_by, class_user_id, role_id) VALUES (2, null, '2023-12-11', null, 'admin@test.com', 'M', true, 'admin', '$2a$10$FzKm8E5uZvlhHzU.lqLHn.6Ck01/HDkh6Pm5LpCCkporzAVJJbQ3i', null, 'INACTIVE', null, 1, 3, 2);
INSERT INTO fams.user (user_id, creation_date, last_modified_date, dob, email, gender, is_first_login, name, password, phone, status, create_by, modify_by, class_user_id, role_id) VALUES (3, null, '2023-12-12', null, 'trainer@test.com', 'M', true, 'trainer', '$2a$10$FzKm8E5uZvlhHzU.lqLHn.6Ck01/HDkh6Pm5LpCCkporzAVJJbQ3i', '', 'INACTIVE', null, 3, null, 3);
INSERT INTO fams.user (user_id, creation_date, last_modified_date, dob, email, gender, is_first_login, name, password, phone, status, create_by, modify_by, class_user_id, role_id) VALUES (4, null, '2023-12-13', '1990-01-01', 'trien.nd92@gmail.com', 'M', true, 'TK', '$2a$10$NRw0zsuFd.C9Ud2ND.hQd.wnI4Or/gSofKpExWM92mQn48ljgfGNi', '', 'INACTIVE', null, 4, null, 1);
INSERT INTO fams.user (user_id, creation_date, last_modified_date, dob, email, gender, is_first_login, name, password, phone, status, create_by, modify_by, class_user_id, role_id) VALUES (5, null, null, '1992-03-15', 'jane.doe@example.com', 'M', true, 'Jane Doe', '$2a$10$FzKm8E5uZvlhHzU.lqLHn.6Ck01/HDkh6Pm5LpCCkporzAVJJbQ3i', '987-654-3210', 'ACTIVE', null, null, null, 1);
INSERT INTO fams.user (user_id, creation_date, last_modified_date, dob, email, gender, is_first_login, name, password, phone, status, create_by, modify_by, class_user_id, role_id) VALUES (7, null, '2023-12-12', '1985-08-22', 'bob.smith@example.com', 'M', true, 'Bob Smith', '$2a$10$FzKm8E5uZvlhHzU.lqLHn.6Ck01/HDkh6Pm5LpCCkporzAVJJbQ3i', '555-123-4567', 'ACTIVE', null, 2, null, 1);
INSERT INTO fams.user (user_id, creation_date, last_modified_date, dob, email, gender, is_first_login, name, password, phone, status, create_by, modify_by, class_user_id, role_id) VALUES (8, null, '2023-12-12', '1988-05-10', 'alice.johnson@example.com', 'M', true, 'Alice Johnson', '$2a$10$FzKm8E5uZvlhHzU.lqLHn.6Ck01/HDkh6Pm5LpCCkporzAVJJbQ3i', '111-222-3333', 'ACTIVE', null, 1, null, 1);
INSERT INTO fams.user (user_id, creation_date, last_modified_date, dob, email, gender, is_first_login, name, password, phone, status, create_by, modify_by, class_user_id, role_id) VALUES (10, null, null, '1995-02-18', 'eva.martinez@example.com', 'M', true, 'Eva Martinez', '$2a$10$FzKm8E5uZvlhHzU.lqLHn.6Ck01/HDkh6Pm5LpCCkporzAVJJbQ3i', '444-555-6666', 'ACTIVE', null, null, null, 3);
INSERT INTO fams.user (user_id, creation_date, last_modified_date, dob, email, gender, is_first_login, name, password, phone, status, create_by, modify_by, class_user_id, role_id) VALUES (11, null, null, '1980-09-03', 'david.lee@example.com', 'M', true, 'David Lee', '$2a$10$FzKm8E5uZvlhHzU.lqLHn.6Ck01/HDkh6Pm5LpCCkporzAVJJbQ3i', '999-888-7777', 'ACTIVE', null, null, null, 3);
INSERT INTO fams.user (user_id, creation_date, last_modified_date, dob, email, gender, is_first_login, name, password, phone, status, create_by, modify_by, class_user_id, role_id) VALUES (12, null, null, '1998-07-14', 'sophie.williams@example.com', 'M', true, 'Sophie Williams', '$2a$10$FzKm8E5uZvlhHzU.lqLHn.6Ck01/HDkh6Pm5LpCCkporzAVJJbQ3i', '333-222-1111', 'ACTIVE', null, null, null, 3);
INSERT INTO fams.user (user_id, creation_date, last_modified_date, dob, email, gender, is_first_login, name, password, phone, status, create_by, modify_by, class_user_id, role_id) VALUES (13, null, null, '1982-12-30', 'michael.brown@example.com', 'M', true, 'Michael Brown', '$2a$10$FzKm8E5uZvlhHzU.lqLHn.6Ck01/HDkh6Pm5LpCCkporzAVJJbQ3i', '666-777-8888', 'ACTIVE', null, null, null, 3);
INSERT INTO fams.user (user_id, creation_date, last_modified_date, dob, email, gender, is_first_login, name, password, phone, status, create_by, modify_by, class_user_id, role_id) VALUES (14, null, null, '1993-04-27', 'grace.miller@example.com', 'M', true, 'Grace Miller', '$2a$10$FzKm8E5uZvlhHzU.lqLHn.6Ck01/HDkh6Pm5LpCCkporzAVJJbQ3i', '555-444-3333', 'ACTIVE', null, null, null, 3);
INSERT INTO fams.user (user_id, creation_date, last_modified_date, dob, email, gender, is_first_login, name, password, phone, status, create_by, modify_by, class_user_id, role_id) VALUES (15, null, null, '1987-08-08', 'ryan.davis@example.com', 'M', true, 'Ryan Davis', '$2a$10$FzKm8E5uZvlhHzU.lqLHn.6Ck01/HDkh6Pm5LpCCkporzAVJJbQ3i', '777-999-1111', 'ACTIVE', null, null, null, 3);
INSERT INTO fams.user (user_id, creation_date, last_modified_date, dob, email, gender, is_first_login, name, password, phone, status, create_by, modify_by, class_user_id, role_id) VALUES (16, null, null, '1990-11-15', 'emma.white@example.com', 'M', true, 'Emma White', '$2a$10$FzKm8E5uZvlhHzU.lqLHn.6Ck01/HDkh6Pm5LpCCkporzAVJJbQ3i', '888-777-6666', 'ACTIVE', null, null, null, 3);
INSERT INTO fams.user (user_id, creation_date, last_modified_date, dob, email, gender, is_first_login, name, password, phone, status, create_by, modify_by, class_user_id, role_id) VALUES (17, null, null, '1985-03-20', 'john.smith@example.com', 'M', true, 'John Smith', '$2a$10$FzKm8E5uZvlhHzU.lqLHn.6Ck01/HDkh6Pm5LpCCkporzAVJJbQ3i', '111-222-3333', 'ACTIVE', null, null, null, 3);
INSERT INTO fams.user (user_id, creation_date, last_modified_date, dob, email, gender, is_first_login, name, password, phone, status, create_by, modify_by, class_user_id, role_id) VALUES (18, null, null, '1992-08-10', 'emily.johnson@example.com', 'M', true, 'Emily Johnson', '$2a$10$FzKm8E5uZvlhHzU.lqLHn.6Ck01/HDkh6Pm5LpCCkporzAVJJbQ3i', '444-555-6666', 'ACTIVE', null, null, null, 3);
INSERT INTO fams.user (user_id, creation_date, last_modified_date, dob, email, gender, is_first_login, name, password, phone, status, create_by, modify_by, class_user_id, role_id) VALUES (19, null, null, '1980-05-05', 'daniel.brown@example.com', 'M', true, 'Daniel Brown', '$2a$10$FzKm8E5uZvlhHzU.lqLHn.6Ck01/HDkh6Pm5LpCCkporzAVJJbQ3i', '777-888-9999', 'ACTIVE', null, null, null, 3);
INSERT INTO fams.user (user_id, creation_date, last_modified_date, dob, email, gender, is_first_login, name, password, phone, status, create_by, modify_by, class_user_id, role_id) VALUES (20, null, null, '1994-12-18', 'olivia.davis@example.com', 'M', true, 'Olivia Davis', '$2a$10$FzKm8E5uZvlhHzU.lqLHn.6Ck01/HDkh6Pm5LpCCkporzAVJJbQ3i', '888-777-6666', 'ACTIVE', null, null, null, 3);
INSERT INTO fams.user (user_id, creation_date, last_modified_date, dob, email, gender, is_first_login, name, password, phone, status, create_by, modify_by, class_user_id, role_id) VALUES (21, null, null, '1988-02-25', 'james.wilson@example.com', 'M', true, 'James Wilson', '$2a$10$FzKm8E5uZvlhHzU.lqLHn.6Ck01/HDkh6Pm5LpCCkporzAVJJbQ3i', '555-444-3333', 'ACTIVE', null, null, null, 3);
INSERT INTO fams.user (user_id, creation_date, last_modified_date, dob, email, gender, is_first_login, name, password, phone, status, create_by, modify_by, class_user_id, role_id) VALUES (22, null, null, '1996-07-02', 'sophia.taylor@example.com', 'M', true, 'Sophia Taylor', '$2a$10$FzKm8E5uZvlhHzU.lqLHn.6Ck01/HDkh6Pm5LpCCkporzAVJJbQ3i', '222-333-4444', 'ACTIVE', null, null, null, 3);
INSERT INTO fams.user (user_id, creation_date, last_modified_date, dob, email, gender, is_first_login, name, password, phone, status, create_by, modify_by, class_user_id, role_id) VALUES (23, null, null, '1987-09-14', 'michael.white@example.com', 'M', true, 'Michael White', '$2a$10$FzKm8E5uZvlhHzU.lqLHn.6Ck01/HDkh6Pm5LpCCkporzAVJJbQ3i', '666-555-4444', 'ACTIVE', null, null, null, 3);
INSERT INTO fams.user (user_id, creation_date, last_modified_date, dob, email, gender, is_first_login, name, password, phone, status, create_by, modify_by, class_user_id, role_id) VALUES (24, null, null, '1991-04-30', 'ava.martinez@example.com', 'M', true, 'Ava Martinez', '$2a$10$FzKm8E5uZvlhHzU.lqLHn.6Ck01/HDkh6Pm5LpCCkporzAVJJbQ3i', '999-888-7777', 'ACTIVE', null, null, null, 3);
INSERT INTO fams.user (user_id, creation_date, last_modified_date, dob, email, gender, is_first_login, name, password, phone, status, create_by, modify_by, class_user_id, role_id) VALUES (25, null, null, '1983-11-08', 'william.moore@example.com', 'M', true, 'William Moore', '$2a$10$FzKm8E5uZvlhHzU.lqLHn.6Ck01/HDkh6Pm5LpCCkporzAVJJbQ3i', '333-222-1111', 'ACTIVE', null, null, null, 3);
INSERT INTO fams.user (user_id, creation_date, last_modified_date, dob, email, gender, is_first_login, name, password, phone, status, create_by, modify_by, class_user_id, role_id) VALUES (26, null, null, '1995-06-22', 'emma.johnson@example.com', 'M', true, 'Emma Johnson', '$2a$10$FzKm8E5uZvlhHzU.lqLHn.6Ck01/HDkh6Pm5LpCCkporzAVJJbQ3i', '777-666-5555', 'ACTIVE', null, null, null, 3);
INSERT INTO fams.user (user_id, creation_date, last_modified_date, dob, email, gender, is_first_login, name, password, phone, status, create_by, modify_by, class_user_id, role_id) VALUES (27, null, null, '1989-10-12', 'matthew.lee@example.com', 'M', true, 'Matthew Lee', '$2a$10$FzKm8E5uZvlhHzU.lqLHn.6Ck01/HDkh6Pm5LpCCkporzAVJJbQ3i', '444-333-2222', 'ACTIVE', null, null, null, 3);
INSERT INTO fams.user (user_id, creation_date, last_modified_date, dob, email, gender, is_first_login, name, password, phone, status, create_by, modify_by, class_user_id, role_id) VALUES (28, null, null, '1993-01-07', 'sophie.miller@example.com', 'M', true, 'Sophie Miller', '$2a$10$FzKm8E5uZvlhHzU.lqLHn.6Ck01/HDkh6Pm5LpCCkporzAVJJbQ3i', '666-777-8888', 'ACTIVE', null, null, null, 3);
INSERT INTO fams.user (user_id, creation_date, last_modified_date, dob, email, gender, is_first_login, name, password, phone, status, create_by, modify_by, class_user_id, role_id) VALUES (29, null, null, '1984-06-05', 'ethan.brown@example.com', 'M', true, 'Ethan Brown', '$2a$10$FzKm8E5uZvlhHzU.lqLHn.6Ck01/HDkh6Pm5LpCCkporzAVJJbQ3i', '555-666-7777', 'ACTIVE', null, null, null, 3);
INSERT INTO fams.user (user_id, creation_date, last_modified_date, dob, email, gender, is_first_login, name, password, phone, status, create_by, modify_by, class_user_id, role_id) VALUES (30, null, null, '1997-09-28', 'ava.wilson@example.com', 'M', true, 'Ava Wilson', '$2a$10$FzKm8E5uZvlhHzU.lqLHn.6Ck01/HDkh6Pm5LpCCkporzAVJJbQ3i', '999-111-2222', 'ACTIVE', null, null, null, 3);
INSERT INTO fams.user (user_id, creation_date, last_modified_date, dob, email, gender, is_first_login, name, password, phone, status, create_by, modify_by, class_user_id, role_id) VALUES (31, null, null, '1986-04-17', 'christopher.davis@example.com', 'M', true, 'Christopher Davis', '$2a$10$FzKm8E5uZvlhHzU.lqLHn.6Ck01/HDkh6Pm5LpCCkporzAVJJbQ3i', '888-999-0000', 'ACTIVE', null, null, null, 3);
INSERT INTO fams.user (user_id, creation_date, last_modified_date, dob, email, gender, is_first_login, name, password, phone, status, create_by, modify_by, class_user_id, role_id) VALUES (32, null, null, '1990-08-30', 'chloe.taylor@example.com', 'M', true, 'Chloe Taylor', '$2a$10$FzKm8E5uZvlhHzU.lqLHn.6Ck01/HDkh6Pm5LpCCkporzAVJJbQ3i', '111-222-3333', 'ACTIVE', null, null, null, 3);
INSERT INTO fams.user (user_id, creation_date, last_modified_date, dob, email, gender, is_first_login, name, password, phone, status, create_by, modify_by, class_user_id, role_id) VALUES (33, null, null, '1982-03-08', 'alexander.moore@example.com', 'M', true, 'Alexander Moore', '$2a$10$FzKm8E5uZvlhHzU.lqLHn.6Ck01/HDkh6Pm5LpCCkporzAVJJbQ3i', '444-555-6666', 'ACTIVE', null, null, null, 3);
INSERT INTO fams.user (user_id, creation_date, last_modified_date, dob, email, gender, is_first_login, name, password, phone, status, create_by, modify_by, class_user_id, role_id) VALUES (34, null, null, '1998-12-25', 'mia.white@example.com', 'M', true, 'Mia White', '$2a$10$FzKm8E5uZvlhHzU.lqLHn.6Ck01/HDkh6Pm5LpCCkporzAVJJbQ3i', '777-888-9999', 'ACTIVE', null, null, null, 3);
INSERT INTO fams.user (user_id, creation_date, last_modified_date, dob, email, gender, is_first_login, name, password, phone, status, create_by, modify_by, class_user_id, role_id) VALUES (35, null, null, '1981-07-11', 'daniel.wilson@example.com', 'M', true, 'Daniel Wilson', '$2a$10$FzKm8E5uZvlhHzU.lqLHn.6Ck01/HDkh6Pm5LpCCkporzAVJJbQ3i', '555-666-7777', 'ACTIVE', null, null, null, 3);
INSERT INTO fams.user (user_id, creation_date, last_modified_date, dob, email, gender, is_first_login, name, password, phone, status, create_by, modify_by, class_user_id, role_id) VALUES (36, null, null, '1996-02-14', 'olivia.lee@example.com', 'M', true, 'Olivia Lee', '$2a$10$FzKm8E5uZvlhHzU.lqLHn.6Ck01/HDkh6Pm5LpCCkporzAVJJbQ3i', '888-999-0000', 'ACTIVE', null, null, null, 3);
INSERT INTO fams.user (user_id, creation_date, last_modified_date, dob, email, gender, is_first_login, name, password, phone, status, create_by, modify_by, class_user_id, role_id) VALUES (37, null, null, '1988-09-15', 'elijah.taylor@example.com', 'M', true, 'Elijah Taylor', '$2a$10$FzKm8E5uZvlhHzU.lqLHn.6Ck01/HDkh6Pm5LpCCkporzAVJJbQ3i', '111-222-3333', 'ACTIVE', null, null, null, 3);
INSERT INTO fams.user (user_id, creation_date, last_modified_date, dob, email, gender, is_first_login, name, password, phone, status, create_by, modify_by, class_user_id, role_id) VALUES (38, null, null, '1993-05-20', 'amelia.brown@example.com', 'M', true, 'Amelia Brown', '$2a$10$FzKm8E5uZvlhHzU.lqLHn.6Ck01/HDkh6Pm5LpCCkporzAVJJbQ3i', '444-555-6666', 'ACTIVE', null, null, null, 3);
INSERT INTO fams.user (user_id, creation_date, last_modified_date, dob, email, gender, is_first_login, name, password, phone, status, create_by, modify_by, class_user_id, role_id) VALUES (39, null, null, '1981-02-10', 'benjamin.wilson@example.com', 'M', true, 'Benjamin Wilson', '$2a$10$FzKm8E5uZvlhHzU.lqLHn.6Ck01/HDkh6Pm5LpCCkporzAVJJbQ3i', '777-888-9999', 'ACTIVE', null, null, null, 3);
INSERT INTO fams.user (user_id, creation_date, last_modified_date, dob, email, gender, is_first_login, name, password, phone, status, create_by, modify_by, class_user_id, role_id) VALUES (40, null, null, '1996-12-18', 'ella.martinez@example.com', 'M', true, 'Ella Martinez', '$2a$10$FzKm8E5uZvlhHzU.lqLHn.6Ck01/HDkh6Pm5LpCCkporzAVJJbQ3i', '888-777-6666', 'ACTIVE', null, null, null, 3);
INSERT INTO fams.user (user_id, creation_date, last_modified_date, dob, email, gender, is_first_login, name, password, phone, status, create_by, modify_by, class_user_id, role_id) VALUES (41, null, null, '1985-03-25', 'henry.davis@example.com', 'M', true, 'Henry Davis', '$2a$10$FzKm8E5uZvlhHzU.lqLHn.6Ck01/HDkh6Pm5LpCCkporzAVJJbQ3i', '555-444-3333', 'ACTIVE', null, null, null, 3);
INSERT INTO fams.user (user_id, creation_date, last_modified_date, dob, email, gender, is_first_login, name, password, phone, status, create_by, modify_by, class_user_id, role_id) VALUES (42, null, null, '1991-08-02', 'lily.white@example.com', 'M', true, 'Lily White', '$2a$10$FzKm8E5uZvlhHzU.lqLHn.6Ck01/HDkh6Pm5LpCCkporzAVJJbQ3i', '222-333-4444', 'ACTIVE', null, null, null, 3);
INSERT INTO fams.user (user_id, creation_date, last_modified_date, dob, email, gender, is_first_login, name, password, phone, status, create_by, modify_by, class_user_id, role_id) VALUES (43, null, null, '1987-10-14', 'gabriel.johnson@example.com', 'M', true, 'Gabriel Johnson', '$2a$10$FzKm8E5uZvlhHzU.lqLHn.6Ck01/HDkh6Pm5LpCCkporzAVJJbQ3i', '666-555-4444', 'ACTIVE', null, null, null, 3);
INSERT INTO fams.user (user_id, creation_date, last_modified_date, dob, email, gender, is_first_login, name, password, phone, status, create_by, modify_by, class_user_id, role_id) VALUES (44, null, null, '1995-05-30', 'scarlett.moore@example.com', 'M', true, 'Scarlett Moore', '$2a$10$FzKm8E5uZvlhHzU.lqLHn.6Ck01/HDkh6Pm5LpCCkporzAVJJbQ3i', '999-888-7777', 'ACTIVE', null, null, null, 3);
INSERT INTO fams.user (user_id, creation_date, last_modified_date, dob, email, gender, is_first_login, name, password, phone, status, create_by, modify_by, class_user_id, role_id) VALUES (45, null, null, '1983-12-08', 'jack.wilson@example.com', 'M', true, 'Jack Wilson', '$2a$10$FzKm8E5uZvlhHzU.lqLHn.6Ck01/HDkh6Pm5LpCCkporzAVJJbQ3i', '333-222-1111', 'ACTIVE', null, null, null, 3);
INSERT INTO fams.user (user_id, creation_date, last_modified_date, dob, email, gender, is_first_login, name, password, phone, status, create_by, modify_by, class_user_id, role_id) VALUES (46, null, null, '1998-07-22', 'aria.lee@example.com', 'M', true, 'Aria Lee', '$2a$10$FzKm8E5uZvlhHzU.lqLHn.6Ck01/HDkh6Pm5LpCCkporzAVJJbQ3i', '777-666-5555', 'ACTIVE', null, null, null, 3);
INSERT INTO fams.user (user_id, creation_date, last_modified_date, dob, email, gender, is_first_login, name, password, phone, status, create_by, modify_by, class_user_id, role_id) VALUES (47, null, null, '1989-05-15', 'logan.johnson@example.com', 'F', true, 'Logan Johnson', '$2a$10$FzKm8E5uZvlhHzU.lqLHn.6Ck01/HDkh6Pm5LpCCkporzAVJJbQ3i', '111-222-3333', 'ACTIVE', null, null, null, 2);
INSERT INTO fams.user (user_id, creation_date, last_modified_date, dob, email, gender, is_first_login, name, password, phone, status, create_by, modify_by, class_user_id, role_id) VALUES (48, null, null, '1994-10-20', 'avery.davis@example.com', 'F', true, 'Avery Davis', '$2a$10$FzKm8E5uZvlhHzU.lqLHn.6Ck01/HDkh6Pm5LpCCkporzAVJJbQ3i', '444-555-6666', 'ACTIVE', null, null, null, 2);
INSERT INTO fams.user (user_id, creation_date, last_modified_date, dob, email, gender, is_first_login, name, password, phone, status, create_by, modify_by, class_user_id, role_id) VALUES (49, null, null, '1982-03-10', 'carter.brown@example.com', 'F', true, 'Carter Brown', '$2a$10$FzKm8E5uZvlhHzU.lqLHn.6Ck01/HDkh6Pm5LpCCkporzAVJJbQ3i', '777-888-9999', 'ACTIVE', null, null, null, 2);
INSERT INTO fams.user (user_id, creation_date, last_modified_date, dob, email, gender, is_first_login, name, password, phone, status, create_by, modify_by, class_user_id, role_id) VALUES (50, null, '2023-12-12', '1997-01-18', 'abigail.wilson@example.com', 'F', true, 'Abigail Wilson', '$2a$10$FzKm8E5uZvlhHzU.lqLHn.6Ck01/HDkh6Pm5LpCCkporzAVJJbQ3i', '888-777-6666', 'ACTIVE', null, 3, 5, 2);
INSERT INTO fams.user (user_id, creation_date, last_modified_date, dob, email, gender, is_first_login, name, password, phone, status, create_by, modify_by, class_user_id, role_id) VALUES (51, null, null, '1986-08-25', 'grayson.taylor@example.com', 'F', true, 'Grayson Taylor', '$2a$10$FzKm8E5uZvlhHzU.lqLHn.6Ck01/HDkh6Pm5LpCCkporzAVJJbQ3i', '555-444-3333', 'ACTIVE', null, null, null, 2);
INSERT INTO fams.user (user_id, creation_date, last_modified_date, dob, email, gender, is_first_login, name, password, phone, status, create_by, modify_by, class_user_id, role_id) VALUES (52, null, null, '1992-01-02', 'sofia.white@example.com', 'F', true, 'Sofia White', '$2a$10$FzKm8E5uZvlhHzU.lqLHn.6Ck01/HDkh6Pm5LpCCkporzAVJJbQ3i', '222-333-4444', 'ACTIVE', null, null, null, 2);
INSERT INTO fams.user (user_id, creation_date, last_modified_date, dob, email, gender, is_first_login, name, password, phone, status, create_by, modify_by, class_user_id, role_id) VALUES (53, null, null, '1988-11-14', 'jackson.martinez@example.com', 'F', true, 'Jackson Martinez', '$2a$10$FzKm8E5uZvlhHzU.lqLHn.6Ck01/HDkh6Pm5LpCCkporzAVJJbQ3i', '666-555-4444', 'ACTIVE', null, null, null, 2);
INSERT INTO fams.user (user_id, creation_date, last_modified_date, dob, email, gender, is_first_login, name, password, phone, status, create_by, modify_by, class_user_id, role_id) VALUES (54, null, null, '1996-06-30', 'hazel.moore@example.com', 'F', true, 'Hazel Moore', '$2a$10$FzKm8E5uZvlhHzU.lqLHn.6Ck01/HDkh6Pm5LpCCkporzAVJJbQ3i', '999-888-7777', 'ACTIVE', null, null, null, 2);
INSERT INTO fams.user (user_id, creation_date, last_modified_date, dob, email, gender, is_first_login, name, password, phone, status, create_by, modify_by, class_user_id, role_id) VALUES (55, null, null, '1984-12-08', 'owen.wilson@example.com', 'F', true, 'Owen Wilson', '$2a$10$FzKm8E5uZvlhHzU.lqLHn.6Ck01/HDkh6Pm5LpCCkporzAVJJbQ3i', '333-222-1111', 'ACTIVE', null, null, null, 2);
INSERT INTO fams.user (user_id, creation_date, last_modified_date, dob, email, gender, is_first_login, name, password, phone, status, create_by, modify_by, class_user_id, role_id) VALUES (56, null, null, '1999-07-22', 'chloe.lee@example.com', 'F', true, 'Chloe Lee', '$2a$10$FzKm8E5uZvlhHzU.lqLHn.6Ck01/HDkh6Pm5LpCCkporzAVJJbQ3i', '777-666-5555', 'ACTIVE', null, null, null, 2);
INSERT INTO fams.user (user_id, creation_date, last_modified_date, dob, email, gender, is_first_login, name, password, phone, status, create_by, modify_by, class_user_id, role_id) VALUES (57, null, null, '1989-05-15', 'logan.johnson@example.com', 'F', true, 'Logan Johnson', '$2a$10$FzKm8E5uZvlhHzU.lqLHn.6Ck01/HDkh6Pm5LpCCkporzAVJJbQ3i', '111-222-3333', 'ACTIVE', null, null, null, 2);
INSERT INTO fams.user (user_id, creation_date, last_modified_date, dob, email, gender, is_first_login, name, password, phone, status, create_by, modify_by, class_user_id, role_id) VALUES (58, null, null, '1994-10-20', 'avery.davis@example.com', 'F', true, 'Avery Davis', '$2a$10$FzKm8E5uZvlhHzU.lqLHn.6Ck01/HDkh6Pm5LpCCkporzAVJJbQ3i', '444-555-6666', 'ACTIVE', null, null, null, 2);
INSERT INTO fams.user (user_id, creation_date, last_modified_date, dob, email, gender, is_first_login, name, password, phone, status, create_by, modify_by, class_user_id, role_id) VALUES (59, null, null, '1982-03-10', 'carter.brown@example.com', 'F', true, 'Carter Brown', '$2a$10$FzKm8E5uZvlhHzU.lqLHn.6Ck01/HDkh6Pm5LpCCkporzAVJJbQ3i', '777-888-9999', 'ACTIVE', null, null, null, 2);
INSERT INTO fams.user (user_id, creation_date, last_modified_date, dob, email, gender, is_first_login, name, password, phone, status, create_by, modify_by, class_user_id, role_id) VALUES (60, null, '2023-12-07', '1997-01-18', 'abigail.wilson@example.com', 'F', true, 'Abigail Wilson', '$2a$10$FzKm8E5uZvlhHzU.lqLHn.6Ck01/HDkh6Pm5LpCCkporzAVJJbQ3i', '888-777-6666', 'ACTIVE', null, 1, 2, 2);
INSERT INTO fams.user (user_id, creation_date, last_modified_date, dob, email, gender, is_first_login, name, password, phone, status, create_by, modify_by, class_user_id, role_id) VALUES (61, null, null, '1986-08-25', 'grayson.taylor@example.com', 'F', true, 'Grayson Taylor', '$2a$10$FzKm8E5uZvlhHzU.lqLHn.6Ck01/HDkh6Pm5LpCCkporzAVJJbQ3i', '555-444-3333', 'ACTIVE', null, null, null, 2);
INSERT INTO fams.user (user_id, creation_date, last_modified_date, dob, email, gender, is_first_login, name, password, phone, status, create_by, modify_by, class_user_id, role_id) VALUES (62, null, null, '1992-01-02', 'sofia.white@example.com', 'F', true, 'Sofia White', '$2a$10$FzKm8E5uZvlhHzU.lqLHn.6Ck01/HDkh6Pm5LpCCkporzAVJJbQ3i', '222-333-4444', 'ACTIVE', null, null, null, 2);
INSERT INTO fams.user (user_id, creation_date, last_modified_date, dob, email, gender, is_first_login, name, password, phone, status, create_by, modify_by, class_user_id, role_id) VALUES (63, null, null, '1988-11-14', 'jackson.martinez@example.com', 'F', true, 'Jackson Martinez', '$2a$10$FzKm8E5uZvlhHzU.lqLHn.6Ck01/HDkh6Pm5LpCCkporzAVJJbQ3i', '666-555-4444', 'ACTIVE', null, null, null, 2);
INSERT INTO fams.user (user_id, creation_date, last_modified_date, dob, email, gender, is_first_login, name, password, phone, status, create_by, modify_by, class_user_id, role_id) VALUES (64, null, null, '1996-06-30', 'hazel.moore@example.com', 'F', true, 'Hazel Moore', '$2a$10$FzKm8E5uZvlhHzU.lqLHn.6Ck01/HDkh6Pm5LpCCkporzAVJJbQ3i', '999-888-7777', 'ACTIVE', null, null, null, 2);
INSERT INTO fams.user (user_id, creation_date, last_modified_date, dob, email, gender, is_first_login, name, password, phone, status, create_by, modify_by, class_user_id, role_id) VALUES (65, null, null, '1984-12-08', 'owen.wilson@example.com', 'F', true, 'Owen Wilson', '$2a$10$FzKm8E5uZvlhHzU.lqLHn.6Ck01/HDkh6Pm5LpCCkporzAVJJbQ3i', '333-222-1111', 'ACTIVE', null, null, null, 2);
INSERT INTO fams.user (user_id, creation_date, last_modified_date, dob, email, gender, is_first_login, name, password, phone, status, create_by, modify_by, class_user_id, role_id) VALUES (66, null, null, '1999-07-22', 'chloe.lee@example.com', 'F', true, 'Chloe Lee', '$2a$10$FzKm8E5uZvlhHzU.lqLHn.6Ck01/HDkh6Pm5LpCCkporzAVJJbQ3i', '777-666-5555', 'ACTIVE', null, null, null, 2);


# permission
insert into fams.user_permission (permission_id, creation_date, last_modified_date, permission, create_by, modify_by)
values  (1, null, null, 'CREATE_USER', 1, 1),
        (2, null, null, 'READ_USER', 1, 1),
        (3, null, null, 'UPDATE_USER', 1, 1),
        (4, null, null, 'DELETE_USER', 1, 1),
        (5, null, null, 'IMPORT_USER', 1, 1),
        (6, null, null, 'CREATE_SYLLABUS', 1, 1),
        (7, null, null, 'READ_SYLLABUS', 1, 1),
        (8, null, null, 'UPDATE_SYLLABUS', 1, 1),
        (9, null, null, 'DELETE_SYLLABUS', 1, 1),
        (10, null, null, 'IMPORT_SYLLABUS', 1, 1),
        (11, null, null, 'CREATE_TRAINING', 1, 1),
        (12, null, null, 'READ_TRAINING', 1, 1),
        (13, null, null, 'UPDATE_TRAINING', 1, 1),
        (14, null, null, 'DELETE_TRAINING', 1, 1),
        (15, null, null, 'IMPORT_TRAINING', 1, 1),
        (16, null, null, 'CREATE_CLASS', 1, 1),
        (17, null, null, 'READ_CLASS', 1, 1),
        (18, null, null, 'UPDATE_CLASS', 1, 1),
        (19, null, null, 'DELETE_CLASS', 1, 1),
        (20, null, null, 'IMPORT_CLASS', 1, 1);
# role group
insert into fams.role_group (role_group_id, is_active, role_id, permission_id)
values  (1, true, 1, 1),
        (2, true, 1, 2),
        (3, true, 1, 3),
        (4, true, 1, 4),
        (5, true, 1, 5),
        (6, true, 1, 6),
        (7, true, 1, 7),
        (8, true, 1, 8),
        (9, true, 1, 9),
        (10, true, 1, 10),
        (11, true, 1, 11),
        (12, true, 1, 12),
        (13, true, 1, 13),
        (14, true, 1, 14),
        (15, true, 1, 15),
        (16, true, 1, 16),
        (17, true, 1, 17),
        (18, true, 1, 18),
        (19, true, 1, 19),
        (20, true, 1, 20),
        (21, true, 2, 1),
        (22, false, 2, 2),
        (23, false, 2, 3),
        (24, false, 2, 4),
        (25, false, 2, 5),
        (26, true, 2, 6),
        (27, true, 2, 7),
        (28, true, 2, 8),
        (29, true, 2, 9),
        (30, true, 2, 10),
        (31, true, 2, 11),
        (32, true, 2, 12),
        (33, true, 2, 13),
        (34, true, 2, 14),
        (35, true, 2, 15),
        (36, true, 2, 16),
        (37, true, 2, 17),
        (38, true, 2, 18),
        (39, true, 2, 19),
        (40, true, 2, 20),
        (41, false, 3, 1),
        (42, true, 3, 2),
        (43, false, 3, 3),
        (44, false, 3, 4),
        (45, false, 3, 5),
        (46, true, 3, 6),
        (47, true, 3, 7),
        (48, true, 3, 8),
        (49, true, 3, 9),
        (50, false, 3, 10),
        (51, false, 3, 11),
        (52, true, 3, 12),
        (53, false, 3, 13),
        (54, false, 3, 14),
        (55, false, 3, 15),
        (56, false, 3, 16),
        (57, true, 3, 17),
        (58, false, 3, 18),
        (59, false, 3, 19),
        (60, false, 3, 20);

#


-- syllabus
INSERT INTO fams.syllabus (topic_code, creation_date, last_modified_date, duration, priority, public_status, technical_group, topic_name, topic_outline, training_audience, training_materials, training_principles, version, create_by, modify_by, user_id) VALUES ('A01', '2023-12-14', '2023-12-14', 0, 1, 'ACTIVE', 'IT', 'Introduction to Programming', 'Basic programming concepts and practices', 1, null, null, 1, 1, 1, null);
INSERT INTO fams.syllabus (topic_code, creation_date, last_modified_date, duration, priority, public_status, technical_group, topic_name, topic_outline, training_audience, training_materials, training_principles, version, create_by, modify_by, user_id) VALUES ('A02', '2023-12-14', '2023-12-14', 0, 2, 'DRAFTING', 'Marketing', 'Content Marketing Strategies', 'Effective strategies for creating and distributing content', 15, null, null, 2, 1, 1, null);
INSERT INTO fams.syllabus (topic_code, creation_date, last_modified_date, duration, priority, public_status, technical_group, topic_name, topic_outline, training_audience, training_materials, training_principles, version, create_by, modify_by, user_id) VALUES ('A03', '2023-12-14', '2023-12-14', 0, 3, 'INACTIVE', 'Finance', 'Financial Risk Management', 'Managing financial risks in investment and business operations', 16, null, null, 3, 1, 1, null);
INSERT INTO fams.syllabus (topic_code, creation_date, last_modified_date, duration, priority, public_status, technical_group, topic_name, topic_outline, training_audience, training_materials, training_principles, version, create_by, modify_by, user_id) VALUES ('A04', '2023-12-14', '2023-12-14', 0, 2, 'ACTIVE', 'Healthcare', 'Telemedicine and Healthcare Technology', 'Utilizing technology for remote healthcare services', 17, null, null, 2, 1, 1, null);
INSERT INTO fams.syllabus (topic_code, creation_date, last_modified_date, duration, priority, public_status, technical_group, topic_name, topic_outline, training_audience, training_materials, training_principles, version, create_by, modify_by, user_id) VALUES ('A05', '2023-12-14', '2023-12-14', 0, 3, 'DRAFTING', 'Engineering', 'Robotics and Automation', 'Applications of robotics and automation in various industries', 19, null, null, 1, 1, 1, null);
INSERT INTO fams.syllabus (topic_code, creation_date, last_modified_date, duration, priority, public_status, technical_group, topic_name, topic_outline, training_audience, training_materials, training_principles, version, create_by, modify_by, user_id) VALUES ('A06', '2023-12-14', '2023-12-14', 0, 1, 'INACTIVE', 'Design', 'Graphic Design Principles', 'Fundamental principles and techniques in graphic design', 15, null, null, 2, 1, 1, null);
INSERT INTO fams.syllabus (topic_code, creation_date, last_modified_date, duration, priority, public_status, technical_group, topic_name, topic_outline, training_audience, training_materials, training_principles, version, create_by, modify_by, user_id) VALUES ('A07', '2023-12-14', '2023-12-14', 0, 2, 'ACTIVE', 'Education', 'Pedagogical Techniques in Online Teaching', 'Effective strategies for teaching in online environments', 16, null, null, 3, 1, 1, null);
INSERT INTO fams.syllabus (topic_code, creation_date, last_modified_date, duration, priority, public_status, technical_group, topic_name, topic_outline, training_audience, training_materials, training_principles, version, create_by, modify_by, user_id) VALUES ('A08', '2023-12-14', '2023-12-14', 0, 3, 'DRAFTING', 'Human Resources', 'Leadership and Employee Motivation', 'Strategies for effective leadership and motivation in the workplace', 16, null, null, 1, 1, 1, null);
INSERT INTO fams.syllabus (topic_code, creation_date, last_modified_date, duration, priority, public_status, technical_group, topic_name, topic_outline, training_audience, training_materials, training_principles, version, create_by, modify_by, user_id) VALUES ('A09', '2023-12-14', '2023-12-14', 0, 2, 'INACTIVE', 'Environment', 'Sustainable Practices in Business', 'Implementing eco-friendly and sustainable practices in business operations', 17, null, null, 2, 1, 1, null);
INSERT INTO fams.syllabus (topic_code, creation_date, last_modified_date, duration, priority, public_status, technical_group, topic_name, topic_outline, training_audience, training_materials, training_principles, version, create_by, modify_by, user_id) VALUES ('A10', '2023-12-14', '2023-12-14', 0, 3, 'ACTIVE', 'Technology', 'Cybersecurity Best Practices', 'Ensuring digital security in a connected world', 18, null, null, 1, 1, 1, null);
INSERT INTO fams.syllabus (topic_code, creation_date, last_modified_date, duration, priority, public_status, technical_group, topic_name, topic_outline, training_audience, training_materials, training_principles, version, create_by, modify_by, user_id) VALUES ('A11', '2023-12-14', '2023-12-14', 0, 1, 'DRAFTING', 'Art', 'Digital Art and Illustration', 'Exploring digital art techniques and illustration principles', 15, null, null, 3, 1, 1, null);
INSERT INTO fams.syllabus (topic_code, creation_date, last_modified_date, duration, priority, public_status, technical_group, topic_name, topic_outline, training_audience, training_materials, training_principles, version, create_by, modify_by, user_id) VALUES ('A12', '2023-12-14', '2023-12-14', 0, 2, 'INACTIVE', 'Science', 'Space Exploration and Astronomy', 'Journey through the cosmos and understanding celestial bodies', 16, null, null, 1, 1, 1, null);
INSERT INTO fams.syllabus (topic_code, creation_date, last_modified_date, duration, priority, public_status, technical_group, topic_name, topic_outline, training_audience, training_materials, training_principles, version, create_by, modify_by, user_id) VALUES ('A13', '2023-12-14', '2023-12-14', 0, 3, 'ACTIVE', 'Sports', 'Sports Nutrition and Fitness', 'Optimizing nutrition for athletic performance and overall fitness', 16, null, null, 2, 1, 1, null);
INSERT INTO fams.syllabus (topic_code, creation_date, last_modified_date, duration, priority, public_status, technical_group, topic_name, topic_outline, training_audience, training_materials, training_principles, version, create_by, modify_by, user_id) VALUES ('A14', '2023-12-14', '2023-12-14', 0, 2, 'DRAFTING', 'Hospitality', 'Culinary Arts and Gastronomy', 'Exploring the art and science of cooking and food preparation', 16, null, null, 3, 1, 1, null);
INSERT INTO fams.syllabus (topic_code, creation_date, last_modified_date, duration, priority, public_status, technical_group, topic_name, topic_outline, training_audience, training_materials, training_principles, version, create_by, modify_by, user_id) VALUES ('A15', '2023-12-14', '2023-12-14', 0, 3, 'INACTIVE', 'Entertainment', 'Film Production and Cinematography', 'From script to screen - the art and craft of filmmaking', 15, null, null, 1, 1, 1, null);
INSERT INTO fams.syllabus (topic_code, creation_date, last_modified_date, duration, priority, public_status, technical_group, topic_name, topic_outline, training_audience, training_materials, training_principles, version, create_by, modify_by, user_id) VALUES ('A16', '2023-12-14', '2023-12-14', 0, 1, 'ACTIVE', 'Technology', 'Introduction to Artificial Intelligence', 'Fundamental concepts and applications of artificial intelligence', 20, null, null, 2, 1, 1, null);
INSERT INTO fams.syllabus (topic_code, creation_date, last_modified_date, duration, priority, public_status, technical_group, topic_name, topic_outline, training_audience, training_materials, training_principles, version, create_by, modify_by, user_id) VALUES ('A17', '2023-12-14', '2023-12-14', 0, 2, 'DRAFTING', 'Healthcare', 'Advanced Medical Imaging Techniques', 'Exploring cutting-edge medical imaging technologies', 25, null, null, 3, 1, 1, null);
INSERT INTO fams.syllabus (topic_code, creation_date, last_modified_date, duration, priority, public_status, technical_group, topic_name, topic_outline, training_audience, training_materials, training_principles, version, create_by, modify_by, user_id) VALUES ('A18', '2023-12-14', '2023-12-14', 0, 3, 'INACTIVE', 'Finance', 'Financial Planning for Young Professionals', 'Strategies for managing finances and investments in early careers', 18, null, null, 1, 1, 1, null);
INSERT INTO fams.syllabus (topic_code, creation_date, last_modified_date, duration, priority, public_status, technical_group, topic_name, topic_outline, training_audience, training_materials, training_principles, version, create_by, modify_by, user_id) VALUES ('A19', '2023-12-14', '2023-12-14', 0, 2, 'ACTIVE', 'Education', 'Innovative Teaching Methods for STEM Subjects', 'Applying creative and effective teaching techniques in STEM education', 22, null, null, 2, 1, 1, null);
INSERT INTO fams.syllabus (topic_code, creation_date, last_modified_date, duration, priority, public_status, technical_group, topic_name, topic_outline, training_audience, training_materials, training_principles, version, create_by, modify_by, user_id) VALUES ('A20', '2023-12-14', '2023-12-14', 0, 3, 'DRAFTING', 'Environment', 'Renewable Energy Technologies', 'Exploring sustainable and renewable energy solutions', 30, null, null, 1, 1, 1, null);
INSERT INTO fams.syllabus (topic_code, creation_date, last_modified_date, duration, priority, public_status, technical_group, topic_name, topic_outline, training_audience, training_materials, training_principles, version, create_by, modify_by, user_id) VALUES ('A21', '2023-12-14', '2023-12-14', 0, 1, 'INACTIVE', 'Artificial Intelligence', 'Machine Learning Fundamentals', 'Basic principles and applications of machine learning', 18, null, null, 2, 1, 1, null);
INSERT INTO fams.syllabus (topic_code, creation_date, last_modified_date, duration, priority, public_status, technical_group, topic_name, topic_outline, training_audience, training_materials, training_principles, version, create_by, modify_by, user_id) VALUES ('A22', '2023-12-14', '2023-12-14', 0, 2, 'ACTIVE', 'Environmental Science', 'Climate Change and Sustainable Practices', 'Understanding climate change and adopting sustainable practices', 20, null, null, 3, 1, 1, null);
INSERT INTO fams.syllabus (topic_code, creation_date, last_modified_date, duration, priority, public_status, technical_group, topic_name, topic_outline, training_audience, training_materials, training_principles, version, create_by, modify_by, user_id) VALUES ('A23', '2023-12-14', '2023-12-14', 0, 3, 'DRAFTING', 'Marketing', 'Digital Marketing Strategies', 'Strategies for effective digital marketing in the modern era', 25, null, null, 1, 1, 1, null);
INSERT INTO fams.syllabus (topic_code, creation_date, last_modified_date, duration, priority, public_status, technical_group, topic_name, topic_outline, training_audience, training_materials, training_principles, version, create_by, modify_by, user_id) VALUES ('A24', '2023-12-14', '2023-12-14', 0, 2, 'INACTIVE', 'Data Science', 'Data Visualization Techniques', 'Effective techniques for visualizing and interpreting data', 28, null, null, 2, 1, 1, null);
INSERT INTO fams.syllabus (topic_code, creation_date, last_modified_date, duration, priority, public_status, technical_group, topic_name, topic_outline, training_audience, training_materials, training_principles, version, create_by, modify_by, user_id) VALUES ('A25', '2023-12-14', '2023-12-14', 0, 3, 'ACTIVE', 'Space Exploration', 'Astrophysics and Cosmology', 'Exploring the mysteries of the universe through astrophysics', 30, null, null, 1, 1, 1, null);
INSERT INTO fams.syllabus (topic_code, creation_date, last_modified_date, duration, priority, public_status, technical_group, topic_name, topic_outline, training_audience, training_materials, training_principles, version, create_by, modify_by, user_id) VALUES ('A26', '2023-12-14', '2023-12-14', 0, 1, 'DRAFTING', 'Robotics', 'Introduction to Robotics Programming', 'Basic programming concepts and applications in robotics', 20, null, null, 2, 1, 1, null);
INSERT INTO fams.syllabus (topic_code, creation_date, last_modified_date, duration, priority, public_status, technical_group, topic_name, topic_outline, training_audience, training_materials, training_principles, version, create_by, modify_by, user_id) VALUES ('A27', '2023-12-14', '2023-12-14', 0, 2, 'INACTIVE', 'Biotechnology', 'Gene Editing Techniques', 'Exploring CRISPR and other gene editing technologies', 18, null, null, 3, 1, 1, null);
INSERT INTO fams.syllabus (topic_code, creation_date, last_modified_date, duration, priority, public_status, technical_group, topic_name, topic_outline, training_audience, training_materials, training_principles, version, create_by, modify_by, user_id) VALUES ('A28', '2023-12-14', '2023-12-14', 0, 3, 'ACTIVE', 'Digital Marketing', 'Content Marketing Strategies', 'Developing effective content marketing campaigns', 25, null, null, 1, 1, 1, null);
INSERT INTO fams.syllabus (topic_code, creation_date, last_modified_date, duration, priority, public_status, technical_group, topic_name, topic_outline, training_audience, training_materials, training_principles, version, create_by, modify_by, user_id) VALUES ('A29', '2023-12-14', '2023-12-14', 0, 2, 'DRAFTING', 'Physics', 'Quantum Mechanics Explained', 'Understanding the principles of quantum mechanics', 28, null, null, 2, 1, 1, null);
INSERT INTO fams.syllabus (topic_code, creation_date, last_modified_date, duration, priority, public_status, technical_group, topic_name, topic_outline, training_audience, training_materials, training_principles, version, create_by, modify_by, user_id) VALUES ('A30', '2023-12-14', '2023-12-14', 0, 3, 'INACTIVE', 'Renewable Energy', 'Solar Energy Systems Design', 'Designing and implementing solar energy systems', 30, null, null, 1, 1, 1, null);
INSERT INTO fams.syllabus (topic_code, creation_date, last_modified_date, duration, priority, public_status, technical_group, topic_name, topic_outline, training_audience, training_materials, training_principles, version, create_by, modify_by, user_id) VALUES ('A31', '2023-12-14', '2023-12-14', 0, 1, 'ACTIVE', 'Cybersecurity', 'Ethical Hacking Basics', 'Fundamental principles of ethical hacking and penetration testing', 20, null, null, 2, 1, 1, null);
INSERT INTO fams.syllabus (topic_code, creation_date, last_modified_date, duration, priority, public_status, technical_group, topic_name, topic_outline, training_audience, training_materials, training_principles, version, create_by, modify_by, user_id) VALUES ('A32', '2023-12-14', '2023-12-14', 0, 2, 'DRAFTING', 'Space Exploration', 'Introduction to Astrobiology', 'Exploring the possibilities of extraterrestrial life', 18, null, null, 3, 1, 1, null);
INSERT INTO fams.syllabus (topic_code, creation_date, last_modified_date, duration, priority, public_status, technical_group, topic_name, topic_outline, training_audience, training_materials, training_principles, version, create_by, modify_by, user_id) VALUES ('A33', '2023-12-14', '2023-12-14', 0, 3, 'INACTIVE', 'Data Science', 'Predictive Analytics with Machine Learning', 'Using machine learning for predictive analytics', 25, null, null, 1, 1, 1, null);
INSERT INTO fams.syllabus (topic_code, creation_date, last_modified_date, duration, priority, public_status, technical_group, topic_name, topic_outline, training_audience, training_materials, training_principles, version, create_by, modify_by, user_id) VALUES ('A34', '2023-12-14', '2023-12-14', 0, 2, 'ACTIVE', 'Astronomy', 'Observational Astronomy Techniques', 'Practical techniques for observing celestial objects', 28, null, null, 2, 1, 1, null);
INSERT INTO fams.syllabus (topic_code, creation_date, last_modified_date, duration, priority, public_status, technical_group, topic_name, topic_outline, training_audience, training_materials, training_principles, version, create_by, modify_by, user_id) VALUES ('A35', '2023-12-14', '2023-12-14', 0, 3, 'DRAFTING', 'Renewable Energy', 'Wind Energy Systems Design', 'Designing and implementing wind energy systems', 30, null, null, 1, 1, 1, null);
INSERT INTO fams.syllabus (topic_code, creation_date, last_modified_date, duration, priority, public_status, technical_group, topic_name, topic_outline, training_audience, training_materials, training_principles, version, create_by, modify_by, user_id) VALUES ('A36', '2023-12-14', '2023-12-14', 0, 1, 'INACTIVE', 'Artificial Intelligence', 'Natural Language Processing Fundamentals', 'Basic principles and applications of natural language processing', 20, null, null, 2, 1, 1, null);
INSERT INTO fams.syllabus (topic_code, creation_date, last_modified_date, duration, priority, public_status, technical_group, topic_name, topic_outline, training_audience, training_materials, training_principles, version, create_by, modify_by, user_id) VALUES ('A37', '2023-12-14', '2023-12-14', 0, 2, 'ACTIVE', 'Biomedical Engineering', 'Biomechanics and Prosthetics', 'Understanding the biomechanics of human movement and prosthetic design', 18, null, null, 3, 1, 1, null);
INSERT INTO fams.syllabus (topic_code, creation_date, last_modified_date, duration, priority, public_status, technical_group, topic_name, topic_outline, training_audience, training_materials, training_principles, version, create_by, modify_by, user_id) VALUES ('A38', '2023-12-14', '2023-12-14', 0, 3, 'DRAFTING', 'Digital Design', 'User Interface (UI) Design Principles', 'Principles and best practices for designing effective user interfaces', 25, null, null, 1, 1, 1, null);
INSERT INTO fams.syllabus (topic_code, creation_date, last_modified_date, duration, priority, public_status, technical_group, topic_name, topic_outline, training_audience, training_materials, training_principles, version, create_by, modify_by, user_id) VALUES ('A39', '2023-12-14', '2023-12-14', 0, 2, 'INACTIVE', 'Chemical Engineering', 'Process Optimization in Chemical Engineering', 'Optimizing chemical processes for efficiency and sustainability', 28, null, null, 2, 1, 1, null);
INSERT INTO fams.syllabus (topic_code, creation_date, last_modified_date, duration, priority, public_status, technical_group, topic_name, topic_outline, training_audience, training_materials, training_principles, version, create_by, modify_by, user_id) VALUES ('A40', '2023-12-14', '2023-12-14', 0, 3, 'ACTIVE', 'Renewable Energy', 'Hydropower Systems Design', 'Designing and implementing hydropower systems for sustainable energy', 30, null, null, 1, 1, 1, null);
INSERT INTO fams.syllabus (topic_code, creation_date, last_modified_date, duration, priority, public_status, technical_group, topic_name, topic_outline, training_audience, training_materials, training_principles, version, create_by, modify_by, user_id) VALUES ('A41', '2023-12-14', '2023-12-14', 0, 1, 'DRAFTING', 'Robotics', 'Autonomous Drone Programming', 'Programming drones for autonomous navigation and tasks', 20, null, null, 2, 1, 1, null);
INSERT INTO fams.syllabus (topic_code, creation_date, last_modified_date, duration, priority, public_status, technical_group, topic_name, topic_outline, training_audience, training_materials, training_principles, version, create_by, modify_by, user_id) VALUES ('A42', '2023-12-14', '2023-12-14', 0, 2, 'INACTIVE', 'Environmental Science', 'Climate Change Adaptation Strategies', 'Strategies for adapting to the impacts of climate change', 18, null, null, 3, 1, 1, null);
INSERT INTO fams.syllabus (topic_code, creation_date, last_modified_date, duration, priority, public_status, technical_group, topic_name, topic_outline, training_audience, training_materials, training_principles, version, create_by, modify_by, user_id) VALUES ('A43', '2023-12-14', '2023-12-14', 0, 3, 'ACTIVE', 'Cybersecurity', 'Incident Response and Forensics', 'Responding to and investigating cybersecurity incidents', 25, null, null, 1, 1, 1, null);
INSERT INTO fams.syllabus (topic_code, creation_date, last_modified_date, duration, priority, public_status, technical_group, topic_name, topic_outline, training_audience, training_materials, training_principles, version, create_by, modify_by, user_id) VALUES ('A44', '2023-12-14', '2023-12-14', 0, 2, 'DRAFTING', 'Data Science', 'Big Data Analytics with Apache Spark', 'Analyzing large datasets using Apache Spark', 28, null, null, 2, 1, 1, null);
INSERT INTO fams.syllabus (topic_code, creation_date, last_modified_date, duration, priority, public_status, technical_group, topic_name, topic_outline, training_audience, training_materials, training_principles, version, create_by, modify_by, user_id) VALUES ('A45', '2023-12-14', '2023-12-14', 0, 3, 'INACTIVE', 'Renewable Energy', 'Geothermal Energy Systems Design', 'Designing and implementing geothermal energy systems', 30, null, null, 1, 1, 1, null);
INSERT INTO fams.syllabus (topic_code, creation_date, last_modified_date, duration, priority, public_status, technical_group, topic_name, topic_outline, training_audience, training_materials, training_principles, version, create_by, modify_by, user_id) VALUES ('A46', '2023-12-14', '2023-12-14', 0, 1, 'ACTIVE', 'Aerospace Engineering', 'Advanced Composite Materials in Aircraft', 'Applications and design considerations of advanced composite materials in aircraft manufacturing', 20, null, null, 2, 1, 1, null);
INSERT INTO fams.syllabus (topic_code, creation_date, last_modified_date, duration, priority, public_status, technical_group, topic_name, topic_outline, training_audience, training_materials, training_principles, version, create_by, modify_by, user_id) VALUES ('A47', '2023-12-14', '2023-12-14', 0, 1, 'DRAFTING', 'Aerospace Engineering', 'Advanced Composite Materials in Aircraft', 'Applications and design considerations of advanced composite materials in aircraft manufacturing', 20, null, null, 2, 1, 1, null);
INSERT INTO fams.syllabus (topic_code, creation_date, last_modified_date, duration, priority, public_status, technical_group, topic_name, topic_outline, training_audience, training_materials, training_principles, version, create_by, modify_by, user_id) VALUES ('A48', '2023-12-14', '2023-12-14', 0, 3, 'INACTIVE', 'Computer Science', 'Blockchain and Cryptocurrencies', 'Understanding the fundamentals of blockchain technology and its applications in cryptocurrencies', 25, null, null, 1, 1, 1, null);
INSERT INTO fams.syllabus (topic_code, creation_date, last_modified_date, duration, priority, public_status, technical_group, topic_name, topic_outline, training_audience, training_materials, training_principles, version, create_by, modify_by, user_id) VALUES ('A49', '2023-12-14', '2023-12-14', 0, 2, 'ACTIVE', 'Chemical Engineering', 'Green Chemistry Practices', 'Implementing sustainable and environmentally friendly practices in chemical engineering', 28, null, null, 2, 1, 1, null);
INSERT INTO fams.syllabus (topic_code, creation_date, last_modified_date, duration, priority, public_status, technical_group, topic_name, topic_outline, training_audience, training_materials, training_principles, version, create_by, modify_by, user_id) VALUES ('A50', '2023-12-14', '2023-12-14', 0, 3, 'DRAFTING', 'Renewable Energy', 'Solar Photovoltaic System Design', 'Designing efficient solar photovoltaic systems for renewable energy generation', 30, null, null, 1, 1, 1, null);
INSERT INTO fams.syllabus (topic_code, creation_date, last_modified_date, duration, priority, public_status, technical_group, topic_name, topic_outline, training_audience, training_materials, training_principles, version, create_by, modify_by, user_id) VALUES ('A51', '2023-12-14', '2023-12-14', 0, 1, 'INACTIVE', 'Materials Science', 'Nanomaterials for Energy Storage', 'Applications and advancements in using nanomaterials for energy storage systems', 20, null, null, 2, 1, 1, null);
INSERT INTO fams.syllabus (topic_code, creation_date, last_modified_date, duration, priority, public_status, technical_group, topic_name, topic_outline, training_audience, training_materials, training_principles, version, create_by, modify_by, user_id) VALUES ('A52', '2023-12-14', '2023-12-14', 0, 2, 'ACTIVE', 'Civil Engineering', 'Sustainable Urban Planning', 'Principles and practices for creating environmentally friendly and sustainable urban areas', 18, null, null, 3, 1, 1, null);
INSERT INTO fams.syllabus (topic_code, creation_date, last_modified_date, duration, priority, public_status, technical_group, topic_name, topic_outline, training_audience, training_materials, training_principles, version, create_by, modify_by, user_id) VALUES ('A53', '2023-12-14', '2023-12-14', 0, 3, 'DRAFTING', 'Artificial Intelligence', 'Reinforcement Learning Applications', 'Applications and implementations of reinforcement learning in artificial intelligence', 25, null, null, 1, 1, 1, null);
INSERT INTO fams.syllabus (topic_code, creation_date, last_modified_date, duration, priority, public_status, technical_group, topic_name, topic_outline, training_audience, training_materials, training_principles, version, create_by, modify_by, user_id) VALUES ('A54', '2023-12-14', '2023-12-14', 0, 2, 'INACTIVE', 'Environmental Engineering', 'Waste-to-Energy Technologies', 'Technological solutions for converting waste into energy and minimizing environmental impact', 28, null, null, 2, 1, 1, null);
INSERT INTO fams.syllabus (topic_code, creation_date, last_modified_date, duration, priority, public_status, technical_group, topic_name, topic_outline, training_audience, training_materials, training_principles, version, create_by, modify_by, user_id) VALUES ('A55', '2023-12-14', '2023-12-14', 0, 3, 'ACTIVE', 'Information Security', 'IoT Security Best Practices', 'Securing Internet of Things (IoT) devices and networks through best practices and protocols', 30, null, null, 1, 1, 1, null);
INSERT INTO fams.syllabus (topic_code, creation_date, last_modified_date, duration, priority, public_status, technical_group, topic_name, topic_outline, training_audience, training_materials, training_principles, version, create_by, modify_by, user_id) VALUES ('A56', '2023-12-14', '2023-12-14', 0, 1, 'DRAFTING', 'Robotics', 'Humanoid Robot Programming', 'Programming humanoid robots for various tasks and interactions', 20, null, null, 2, 1, 1, null);
INSERT INTO fams.syllabus (topic_code, creation_date, last_modified_date, duration, priority, public_status, technical_group, topic_name, topic_outline, training_audience, training_materials, training_principles, version, create_by, modify_by, user_id) VALUES ('A57', '2023-12-14', '2023-12-14', 0, 2, 'INACTIVE', 'Biomedical Engineering', 'Medical Imaging Technologies', 'Applications and advancements in medical imaging technologies for diagnosis and treatment', 18, null, null, 3, 1, 1, null);
INSERT INTO fams.syllabus (topic_code, creation_date, last_modified_date, duration, priority, public_status, technical_group, topic_name, topic_outline, training_audience, training_materials, training_principles, version, create_by, modify_by, user_id) VALUES ('A58', '2023-12-14', '2023-12-14', 0, 3, 'ACTIVE', 'Data Science', 'Natural Language Processing (NLP)', 'Understanding and applying natural language processing techniques for data analysis and text processing', 25, null, null, 1, 1, 1, null);
INSERT INTO fams.syllabus (topic_code, creation_date, last_modified_date, duration, priority, public_status, technical_group, topic_name, topic_outline, training_audience, training_materials, training_principles, version, create_by, modify_by, user_id) VALUES ('A59', '2023-12-14', '2023-12-14', 0, 2, 'DRAFTING', 'Chemical Engineering', 'Bioremediation Techniques', 'Implementing biological methods for environmental pollution cleanup', 28, null, null, 2, 1, 1, null);
INSERT INTO fams.syllabus (topic_code, creation_date, last_modified_date, duration, priority, public_status, technical_group, topic_name, topic_outline, training_audience, training_materials, training_principles, version, create_by, modify_by, user_id) VALUES ('A60', '2023-12-14', '2023-12-14', 0, 3, 'INACTIVE', 'Renewable Energy', 'Wind Turbine Technology', 'Design, operation, and maintenance of wind turbine systems for renewable energy generation', 30, null, null, 1, 1, 1, null);
INSERT INTO fams.syllabus (topic_code, creation_date, last_modified_date, duration, priority, public_status, technical_group, topic_name, topic_outline, training_audience, training_materials, training_principles, version, create_by, modify_by, user_id) VALUES ('A61', '2023-12-14', '2023-12-14', 0, 1, 'INACTIVE', 'Space Exploration', 'Exoplanet Discovery Techniques', 'Methods and technologies for discovering exoplanets beyond our solar system', 20, null, null, 2, 1, 1, null);
INSERT INTO fams.syllabus (topic_code, creation_date, last_modified_date, duration, priority, public_status, technical_group, topic_name, topic_outline, training_audience, training_materials, training_principles, version, create_by, modify_by, user_id) VALUES ('A62', '2023-12-14', '2023-12-14', 0, 2, 'ACTIVE', 'Biotechnology', 'Gene Editing for Therapeutic Applications', 'Applications of gene editing technologies for therapeutic purposes in medicine', 18, null, null, 3, 1, 1, null);
INSERT INTO fams.syllabus (topic_code, creation_date, last_modified_date, duration, priority, public_status, technical_group, topic_name, topic_outline, training_audience, training_materials, training_principles, version, create_by, modify_by, user_id) VALUES ('A63', '2023-12-14', '2023-12-14', 0, 3, 'DRAFTING', 'Artificial Intelligence', 'Computer Vision Applications', 'Applications and advancements in computer vision for real-world scenarios', 25, null, null, 1, 1, 1, null);
INSERT INTO fams.syllabus (topic_code, creation_date, last_modified_date, duration, priority, public_status, technical_group, topic_name, topic_outline, training_audience, training_materials, training_principles, version, create_by, modify_by, user_id) VALUES ('A64', '2023-12-14', '2023-12-14', 0, 2, 'INACTIVE', 'Chemical Engineering', 'Sustainable Chemical Synthesis', 'Implementing sustainable practices in chemical synthesis processes', 28, null, null, 2, 1, 1, null);
INSERT INTO fams.syllabus (topic_code, creation_date, last_modified_date, duration, priority, public_status, technical_group, topic_name, topic_outline, training_audience, training_materials, training_principles, version, create_by, modify_by, user_id) VALUES ('A65', '2023-12-14', '2023-12-14', 0, 3, 'ACTIVE', 'Renewable Energy', 'Solar Photovoltaic System Design', 'Designing efficient solar photovoltaic systems for renewable energy generation', 30, null, null, 1, 1, 1, null);
INSERT INTO fams.syllabus (topic_code, creation_date, last_modified_date, duration, priority, public_status, technical_group, topic_name, topic_outline, training_audience, training_materials, training_principles, version, create_by, modify_by, user_id) VALUES ('A66', '2023-12-14', '2023-12-14', 0, 2, 'DRAFTING', 'Data Science', 'Introduction to Data Visualization', 'Exploring techniques for effective data visualization', 28, null, null, 1, 1, 1, null);
INSERT INTO fams.syllabus (topic_code, creation_date, last_modified_date, duration, priority, public_status, technical_group, topic_name, topic_outline, training_audience, training_materials, training_principles, version, create_by, modify_by, user_id) VALUES ('A67', '2023-12-14', '2023-12-14', 0, 2, 'INACTIVE', 'string', 'string', 'string', 20, null, null, 2, 1, 1, null);
INSERT INTO fams.syllabus (topic_code, creation_date, last_modified_date, duration, priority, public_status, technical_group, topic_name, topic_outline, training_audience, training_materials, training_principles, version, create_by, modify_by, user_id) VALUES ('A68', '2023-12-14', '2023-12-14', 0, 1, 'ACTIVE', 'Programming', 'Introduction to Python', 'This training covers the basics of Python programming language.', 20, null, null, 1, 1, 1, null);
INSERT INTO fams.syllabus (topic_code, creation_date, last_modified_date, duration, priority, public_status, technical_group, topic_name, topic_outline, training_audience, training_materials, training_principles, version, create_by, modify_by, user_id) VALUES ('A69', '2023-12-14', '2023-12-14', 0, 3, 'DRAFTING', 'Programming', 'Data Structures and Algorithms', 'This training covers fundamental data structures and algorithms used in programming.', 30, null, null, 1, 1, 1, null);
INSERT INTO fams.syllabus (topic_code, creation_date, last_modified_date, duration, priority, public_status, technical_group, topic_name, topic_outline, training_audience, training_materials, training_principles, version, create_by, modify_by, user_id) VALUES ('A70', '2023-12-14', '2023-12-14', 0, 1, 'INACTIVE', 'Programming', 'Introduction to Java', 'This training provides an introduction to Java programming language.', 20, null, null, 1, 1, 1, null);

INSERT INTO fams.training_unit (training_unit_id, day_number, unit_name, topic_code) VALUES (1, 1, 'Unit 1', 'A01');
INSERT INTO fams.training_unit (training_unit_id, day_number, unit_name, topic_code) VALUES (2, 1, 'Unit 1', 'A02');
INSERT INTO fams.training_unit (training_unit_id, day_number, unit_name, topic_code) VALUES (3, 1, 'Unit 1', 'A03');
INSERT INTO fams.training_unit (training_unit_id, day_number, unit_name, topic_code) VALUES (4, 1, 'Unit 1', 'A04');
INSERT INTO fams.training_unit (training_unit_id, day_number, unit_name, topic_code) VALUES (5, 1, 'Unit 1', 'A05');
INSERT INTO fams.training_unit (training_unit_id, day_number, unit_name, topic_code) VALUES (6, 1, 'Unit 1', 'A06');
INSERT INTO fams.training_unit (training_unit_id, day_number, unit_name, topic_code) VALUES (7, 1, 'Unit 1', 'A07');
INSERT INTO fams.training_unit (training_unit_id, day_number, unit_name, topic_code) VALUES (8, 1, 'Unit 1', 'A08');
INSERT INTO fams.training_unit (training_unit_id, day_number, unit_name, topic_code) VALUES (9, 1, 'Unit 1', 'A09');
INSERT INTO fams.training_unit (training_unit_id, day_number, unit_name, topic_code) VALUES (10, 1, 'Unit 1', 'A10');
INSERT INTO fams.training_unit (training_unit_id, day_number, unit_name, topic_code) VALUES (11, 1, 'Unit 1', 'A11');
INSERT INTO fams.training_unit (training_unit_id, day_number, unit_name, topic_code) VALUES (12, 1, 'Unit 1', 'A12');
INSERT INTO fams.training_unit (training_unit_id, day_number, unit_name, topic_code) VALUES (13, 1, 'Unit 1', 'A13');
INSERT INTO fams.training_unit (training_unit_id, day_number, unit_name, topic_code) VALUES (14, 1, 'Unit 1', 'A14');
INSERT INTO fams.training_unit (training_unit_id, day_number, unit_name, topic_code) VALUES (15, 1, 'Unit 1', 'A15');
INSERT INTO fams.training_unit (training_unit_id, day_number, unit_name, topic_code) VALUES (16, 1, 'Unit 1', 'A16');
INSERT INTO fams.training_unit (training_unit_id, day_number, unit_name, topic_code) VALUES (17, 1, 'Unit 1', 'A17');
INSERT INTO fams.training_unit (training_unit_id, day_number, unit_name, topic_code) VALUES (18, 1, 'Unit 1', 'A18');
INSERT INTO fams.training_unit (training_unit_id, day_number, unit_name, topic_code) VALUES (19, 1, 'Unit 1', 'A19');
INSERT INTO fams.training_unit (training_unit_id, day_number, unit_name, topic_code) VALUES (20, 1, 'Unit 1', 'A20');
INSERT INTO fams.training_unit (training_unit_id, day_number, unit_name, topic_code) VALUES (21, 1, 'Unit 1', 'A21');
INSERT INTO fams.training_unit (training_unit_id, day_number, unit_name, topic_code) VALUES (22, 1, 'Unit 1', 'A22');
INSERT INTO fams.training_unit (training_unit_id, day_number, unit_name, topic_code) VALUES (23, 1, 'Unit 1', 'A23');
INSERT INTO fams.training_unit (training_unit_id, day_number, unit_name, topic_code) VALUES (24, 1, 'Unit 1', 'A24');
INSERT INTO fams.training_unit (training_unit_id, day_number, unit_name, topic_code) VALUES (25, 1, 'Unit 1', 'A25');
INSERT INTO fams.training_unit (training_unit_id, day_number, unit_name, topic_code) VALUES (26, 1, 'Unit 1', 'A26');
INSERT INTO fams.training_unit (training_unit_id, day_number, unit_name, topic_code) VALUES (27, 1, 'Unit 1', 'A27');
INSERT INTO fams.training_unit (training_unit_id, day_number, unit_name, topic_code) VALUES (28, 1, 'Unit 1', 'A28');
INSERT INTO fams.training_unit (training_unit_id, day_number, unit_name, topic_code) VALUES (29, 1, 'Unit 1', 'A29');
INSERT INTO fams.training_unit (training_unit_id, day_number, unit_name, topic_code) VALUES (30, 1, 'Unit 1', 'A30');
INSERT INTO fams.training_unit (training_unit_id, day_number, unit_name, topic_code) VALUES (31, 1, 'Unit 1', 'A31');
INSERT INTO fams.training_unit (training_unit_id, day_number, unit_name, topic_code) VALUES (32, 1, 'Unit 1', 'A32');
INSERT INTO fams.training_unit (training_unit_id, day_number, unit_name, topic_code) VALUES (33, 1, 'Unit 1', 'A33');
INSERT INTO fams.training_unit (training_unit_id, day_number, unit_name, topic_code) VALUES (34, 1, 'Unit 1', 'A34');
INSERT INTO fams.training_unit (training_unit_id, day_number, unit_name, topic_code) VALUES (35, 1, 'Unit 1', 'A35');
INSERT INTO fams.training_unit (training_unit_id, day_number, unit_name, topic_code) VALUES (36, 1, 'Unit 1', 'A36');
INSERT INTO fams.training_unit (training_unit_id, day_number, unit_name, topic_code) VALUES (37, 1, 'Unit 1', 'A37');
INSERT INTO fams.training_unit (training_unit_id, day_number, unit_name, topic_code) VALUES (38, 1, 'Unit 1', 'A38');
INSERT INTO fams.training_unit (training_unit_id, day_number, unit_name, topic_code) VALUES (39, 1, 'Unit 1', 'A39');
INSERT INTO fams.training_unit (training_unit_id, day_number, unit_name, topic_code) VALUES (40, 1, 'Unit 1', 'A40');
INSERT INTO fams.training_unit (training_unit_id, day_number, unit_name, topic_code) VALUES (41, 1, 'Unit 1', 'A41');
INSERT INTO fams.training_unit (training_unit_id, day_number, unit_name, topic_code) VALUES (42, 1, 'Unit 1', 'A42');
INSERT INTO fams.training_unit (training_unit_id, day_number, unit_name, topic_code) VALUES (43, 1, 'Unit 1', 'A43');
INSERT INTO fams.training_unit (training_unit_id, day_number, unit_name, topic_code) VALUES (44, 1, 'Unit 1', 'A44');
INSERT INTO fams.training_unit (training_unit_id, day_number, unit_name, topic_code) VALUES (45, 1, 'Unit 1', 'A45');
INSERT INTO fams.training_unit (training_unit_id, day_number, unit_name, topic_code) VALUES (46, 1, 'Unit 1', 'A46');
INSERT INTO fams.training_unit (training_unit_id, day_number, unit_name, topic_code) VALUES (47, 1, 'Unit 1', 'A47');
INSERT INTO fams.training_unit (training_unit_id, day_number, unit_name, topic_code) VALUES (48, 1, 'Unit 1', 'A48');
INSERT INTO fams.training_unit (training_unit_id, day_number, unit_name, topic_code) VALUES (49, 1, 'Unit 1', 'A49');
INSERT INTO fams.training_unit (training_unit_id, day_number, unit_name, topic_code) VALUES (50, 1, 'Unit 1', 'A50');
INSERT INTO fams.training_unit (training_unit_id, day_number, unit_name, topic_code) VALUES (51, 1, 'Unit 1', 'A51');
INSERT INTO fams.training_unit (training_unit_id, day_number, unit_name, topic_code) VALUES (52, 1, 'Unit 1', 'A52');
INSERT INTO fams.training_unit (training_unit_id, day_number, unit_name, topic_code) VALUES (53, 1, 'Unit 1', 'A53');
INSERT INTO fams.training_unit (training_unit_id, day_number, unit_name, topic_code) VALUES (54, 1, 'Unit 1', 'A54');
INSERT INTO fams.training_unit (training_unit_id, day_number, unit_name, topic_code) VALUES (55, 1, 'Unit 1', 'A55');
INSERT INTO fams.training_unit (training_unit_id, day_number, unit_name, topic_code) VALUES (56, 1, 'Unit 1', 'A56');
INSERT INTO fams.training_unit (training_unit_id, day_number, unit_name, topic_code) VALUES (57, 1, 'Unit 1', 'A57');
INSERT INTO fams.training_unit (training_unit_id, day_number, unit_name, topic_code) VALUES (58, 1, 'Unit 1', 'A58');
INSERT INTO fams.training_unit (training_unit_id, day_number, unit_name, topic_code) VALUES (59, 1, 'Unit 1', 'A59');
INSERT INTO fams.training_unit (training_unit_id, day_number, unit_name, topic_code) VALUES (60, 1, 'Unit 1', 'A60');
INSERT INTO fams.training_unit (training_unit_id, day_number, unit_name, topic_code) VALUES (61, 1, 'Unit 1', 'A61');
INSERT INTO fams.training_unit (training_unit_id, day_number, unit_name, topic_code) VALUES (62, 1, 'Unit 1', 'A62');
INSERT INTO fams.training_unit (training_unit_id, day_number, unit_name, topic_code) VALUES (63, 1, 'Unit 1', 'A63');
INSERT INTO fams.training_unit (training_unit_id, day_number, unit_name, topic_code) VALUES (64, 1, 'Unit 1', 'A64');
INSERT INTO fams.training_unit (training_unit_id, day_number, unit_name, topic_code) VALUES (65, 1, 'Unit 1', 'A65');
INSERT INTO fams.training_unit (training_unit_id, day_number, unit_name, topic_code) VALUES (66, 1, 'Data Viz Unit', 'A66');
INSERT INTO fams.training_unit (training_unit_id, day_number, unit_name, topic_code) VALUES (67, 1, 'Unit 1', 'A67');
INSERT INTO fams.training_unit (training_unit_id, day_number, unit_name, topic_code) VALUES (68, 1, 'Unit 2', 'A67');
INSERT INTO fams.training_unit (training_unit_id, day_number, unit_name, topic_code) VALUES (69, 1, 'Unit 1', 'A68');
INSERT INTO fams.training_unit (training_unit_id, day_number, unit_name, topic_code) VALUES (70, 1, 'Unit 1', 'A69');
INSERT INTO fams.training_unit (training_unit_id, day_number, unit_name, topic_code) VALUES (71, 1, 'Unit 1', 'A70');


INSERT INTO fams.training_content (traning_content_id, content, delivery_type, duration, note, training_format, training_unit_id) VALUES (1, 'Introduction to Programming Languages', 0, 60, 'Overview of programming languages', 'Presentation', 1);
INSERT INTO fams.training_content (traning_content_id, content, delivery_type, duration, note, training_format, training_unit_id) VALUES (2, 'Hands-on Coding Practice', 1, 90, 'Practical coding exercises', 'Workshop', 1);
INSERT INTO fams.training_content (traning_content_id, content, delivery_type, duration, note, training_format, training_unit_id) VALUES (3, 'Content Creation Techniques', 0, 45, 'Discussion and examples of content creation', 'Discussion', 2);
INSERT INTO fams.training_content (traning_content_id, content, delivery_type, duration, note, training_format, training_unit_id) VALUES (4, 'Content Distribution Strategies', 1, 75, 'Practical exercises on content distribution', 'Workshop', 2);
INSERT INTO fams.training_content (traning_content_id, content, delivery_type, duration, note, training_format, training_unit_id) VALUES (5, 'Understanding Financial Risks', 0, 60, 'Overview of financial risks', 'Presentation', 3);
INSERT INTO fams.training_content (traning_content_id, content, delivery_type, duration, note, training_format, training_unit_id) VALUES (6, 'Risk Mitigation Strategies', 1, 90, 'Practical exercises on risk mitigation', 'Workshop', 3);
INSERT INTO fams.training_content (traning_content_id, content, delivery_type, duration, note, training_format, training_unit_id) VALUES (7, 'Introduction to Telemedicine', 0, 45, 'Overview of telemedicine', 'Presentation', 4);
INSERT INTO fams.training_content (traning_content_id, content, delivery_type, duration, note, training_format, training_unit_id) VALUES (8, 'Implementation of Telehealth Solutions', 1, 75, 'Practical exercises on telehealth implementation', 'Workshop', 4);
INSERT INTO fams.training_content (traning_content_id, content, delivery_type, duration, note, training_format, training_unit_id) VALUES (9, 'Introduction to Robotics', 0, 60, 'Overview of robotics', 'Presentation', 5);
INSERT INTO fams.training_content (traning_content_id, content, delivery_type, duration, note, training_format, training_unit_id) VALUES (10, 'Hands-on Robotics Projects', 1, 90, 'Practical robotics projects', 'Workshop', 5);
INSERT INTO fams.training_content (traning_content_id, content, delivery_type, duration, note, training_format, training_unit_id) VALUES (11, 'Color Theory and Usage', 0, 60, 'Discussion on color theory in graphic design', 'Discussion', 6);
INSERT INTO fams.training_content (traning_content_id, content, delivery_type, duration, note, training_format, training_unit_id) VALUES (12, 'Typography and Layout Design', 1, 90, 'Practical exercises on typography and layout design', 'Workshop', 6);
INSERT INTO fams.training_content (traning_content_id, content, delivery_type, duration, note, training_format, training_unit_id) VALUES (13, 'Engaging Online Learning Activities', 0, 45, 'Discussion and examples of online learning activities', 'Discussion', 7);
INSERT INTO fams.training_content (traning_content_id, content, delivery_type, duration, note, training_format, training_unit_id) VALUES (14, 'Effective Use of Multimedia in Teaching', 1, 75, 'Practical exercises on multimedia integration', 'Workshop', 7);
INSERT INTO fams.training_content (traning_content_id, content, delivery_type, duration, note, training_format, training_unit_id) VALUES (15, 'Leadership Styles and Their Impact', 0, 60, 'Overview of leadership styles', 'Presentation', 8);
INSERT INTO fams.training_content (traning_content_id, content, delivery_type, duration, note, training_format, training_unit_id) VALUES (16, 'Motivating and Engaging Employees', 1, 90, 'Practical exercises on employee motivation', 'Workshop', 8);
INSERT INTO fams.training_content (traning_content_id, content, delivery_type, duration, note, training_format, training_unit_id) VALUES (17, 'Introduction to Sustainable Business Practices', 0, 45, 'Overview of sustainable business practices', 'Presentation', 9);
INSERT INTO fams.training_content (traning_content_id, content, delivery_type, duration, note, training_format, training_unit_id) VALUES (18, 'Implementation of Green Initiatives', 1, 75, 'Practical exercises on green initiatives', 'Workshop', 9);
INSERT INTO fams.training_content (traning_content_id, content, delivery_type, duration, note, training_format, training_unit_id) VALUES (19, 'Understanding Cybersecurity Threats', 0, 60, 'Overview of cybersecurity threats', 'Presentation', 10);
INSERT INTO fams.training_content (traning_content_id, content, delivery_type, duration, note, training_format, training_unit_id) VALUES (20, 'Implementing Secure Practices', 1, 90, 'Practical exercises on secure implementations', 'Workshop', 10);
INSERT INTO fams.training_content (traning_content_id, content, delivery_type, duration, note, training_format, training_unit_id) VALUES (21, 'Introduction to Digital Art', 0, 60, 'Overview of digital art techniques', 'Presentation', 11);
INSERT INTO fams.training_content (traning_content_id, content, delivery_type, duration, note, training_format, training_unit_id) VALUES (22, 'Digital Illustration Techniques', 1, 90, 'Practical exercises in digital illustration', 'Workshop', 11);
INSERT INTO fams.training_content (traning_content_id, content, delivery_type, duration, note, training_format, training_unit_id) VALUES (23, 'Introduction to Astronomy', 0, 45, 'Overview of astronomical concepts', 'Presentation', 12);
INSERT INTO fams.training_content (traning_content_id, content, delivery_type, duration, note, training_format, training_unit_id) VALUES (24, 'Observational Techniques', 1, 75, 'Practical exercises in observational astronomy', 'Workshop', 12);
INSERT INTO fams.training_content (traning_content_id, content, delivery_type, duration, note, training_format, training_unit_id) VALUES (25, 'Understanding Nutritional Requirements for Athletes', 0, 60, 'Overview of sports nutrition', 'Presentation', 13);
INSERT INTO fams.training_content (traning_content_id, content, delivery_type, duration, note, training_format, training_unit_id) VALUES (26, 'Fitness Training and Performance Enhancement', 1, 90, 'Practical exercises in fitness training', 'Workshop', 13);
INSERT INTO fams.training_content (traning_content_id, content, delivery_type, duration, note, training_format, training_unit_id) VALUES (27, 'Fundamentals of Culinary Arts', 0, 45, 'Overview of culinary techniques', 'Presentation', 14);
INSERT INTO fams.training_content (traning_content_id, content, delivery_type, duration, note, training_format, training_unit_id) VALUES (28, 'Hands-on Cooking Experience', 1, 75, 'Practical cooking exercises', 'Workshop', 14);
INSERT INTO fams.training_content (traning_content_id, content, delivery_type, duration, note, training_format, training_unit_id) VALUES (29, 'Introduction to Film Production', 0, 60, 'Overview of the filmmaking process', 'Presentation', 15);
INSERT INTO fams.training_content (traning_content_id, content, delivery_type, duration, note, training_format, training_unit_id) VALUES (30, 'Cinematography Techniques', 1, 90, 'Practical exercises in cinematography', 'Workshop', 15);
INSERT INTO fams.training_content (traning_content_id, content, delivery_type, duration, note, training_format, training_unit_id) VALUES (31, 'Overview of Artificial Intelligence', 0, 60, 'Introduction to AI concepts', 'Presentation', 16);
INSERT INTO fams.training_content (traning_content_id, content, delivery_type, duration, note, training_format, training_unit_id) VALUES (32, 'Hands-on AI Programming', 1, 90, 'Practical coding exercises in AI', 'Workshop', 16);
INSERT INTO fams.training_content (traning_content_id, content, delivery_type, duration, note, training_format, training_unit_id) VALUES (33, 'Introduction to Medical Imaging', 0, 45, 'Overview of medical imaging technologies', 'Presentation', 17);
INSERT INTO fams.training_content (traning_content_id, content, delivery_type, duration, note, training_format, training_unit_id) VALUES (34, 'Practical Applications of Imaging Technologies', 1, 75, 'Hands-on exercises with medical imaging devices', 'Workshop', 17);
INSERT INTO fams.training_content (traning_content_id, content, delivery_type, duration, note, training_format, training_unit_id) VALUES (35, 'Budgeting and Saving Tips', 0, 60, 'Discussion on financial planning basics', 'Discussion', 18);
INSERT INTO fams.training_content (traning_content_id, content, delivery_type, duration, note, training_format, training_unit_id) VALUES (36, 'Investment Planning for Young Professionals', 1, 90, 'Practical guidance on investment planning', 'Workshop', 18);
INSERT INTO fams.training_content (traning_content_id, content, delivery_type, duration, note, training_format, training_unit_id) VALUES (37, 'Interactive STEM Learning Activities', 0, 45, 'Discussion and examples of interactive learning', 'Discussion', 19);
INSERT INTO fams.training_content (traning_content_id, content, delivery_type, duration, note, training_format, training_unit_id) VALUES (38, 'Practical Implementation of STEM Teaching Methods', 1, 75, 'Practical exercises in applying teaching methods', 'Workshop', 19);
INSERT INTO fams.training_content (traning_content_id, content, delivery_type, duration, note, training_format, training_unit_id) VALUES (39, 'Overview of Renewable Energy Sources', 0, 60, 'Introduction to renewable energy technologies', 'Presentation', 20);
INSERT INTO fams.training_content (traning_content_id, content, delivery_type, duration, note, training_format, training_unit_id) VALUES (40, 'Hands-on Projects in Renewable Energy', 1, 90, 'Practical implementation of renewable energy solutions', 'Workshop', 20);
INSERT INTO fams.training_content (traning_content_id, content, delivery_type, duration, note, training_format, training_unit_id) VALUES (41, 'Introduction to Machine Learning', 0, 60, 'Overview of machine learning principles', 'Presentation', 21);
INSERT INTO fams.training_content (traning_content_id, content, delivery_type, duration, note, training_format, training_unit_id) VALUES (42, 'Practical Machine Learning Applications', 1, 90, 'Hands-on exercises with machine learning tools', 'Workshop', 21);
INSERT INTO fams.training_content (traning_content_id, content, delivery_type, duration, note, training_format, training_unit_id) VALUES (43, 'Climate Change Science', 0, 45, 'Overview of climate change principles', 'Presentation', 22);
INSERT INTO fams.training_content (traning_content_id, content, delivery_type, duration, note, training_format, training_unit_id) VALUES (44, 'Implementing Sustainable Practices', 1, 75, 'Practical tips and exercises for sustainability', 'Workshop', 22);
INSERT INTO fams.training_content (traning_content_id, content, delivery_type, duration, note, training_format, training_unit_id) VALUES (45, 'Social Media Marketing', 0, 60, 'Overview of social media marketing strategies', 'Presentation', 23);
INSERT INTO fams.training_content (traning_content_id, content, delivery_type, duration, note, training_format, training_unit_id) VALUES (46, 'Creating Effective Online Campaigns', 1, 90, 'Practical exercises in creating digital marketing campaigns', 'Workshop', 23);
INSERT INTO fams.training_content (traning_content_id, content, delivery_type, duration, note, training_format, training_unit_id) VALUES (47, 'Principles of Data Visualization', 0, 45, 'Overview of data visualization principles', 'Presentation', 24);
INSERT INTO fams.training_content (traning_content_id, content, delivery_type, duration, note, training_format, training_unit_id) VALUES (48, 'Creating Interactive Data Dashboards', 1, 75, 'Hands-on exercises in creating data dashboards', 'Workshop', 24);
INSERT INTO fams.training_content (traning_content_id, content, delivery_type, duration, note, training_format, training_unit_id) VALUES (49, 'Fundamentals of Astrophysics', 0, 60, 'Overview of astrophysical concepts', 'Presentation', 25);
INSERT INTO fams.training_content (traning_content_id, content, delivery_type, duration, note, training_format, training_unit_id) VALUES (50, 'Cosmological Theories and Observations', 1, 90, 'Discussion and practical examples in cosmology', 'Discussion', 25);
INSERT INTO fams.training_content (traning_content_id, content, delivery_type, duration, note, training_format, training_unit_id) VALUES (51, 'Fundamentals of Robotics Programming', 0, 60, 'Introduction to programming for robots', 'Presentation', 26);
INSERT INTO fams.training_content (traning_content_id, content, delivery_type, duration, note, training_format, training_unit_id) VALUES (52, 'Hands-on Programming Exercises', 1, 90, 'Practical programming exercises with robots', 'Workshop', 26);
INSERT INTO fams.training_content (traning_content_id, content, delivery_type, duration, note, training_format, training_unit_id) VALUES (53, 'Overview of Gene Editing Technologies', 0, 45, 'Introduction to CRISPR and other gene editing tools', 'Presentation', 27);
INSERT INTO fams.training_content (traning_content_id, content, delivery_type, duration, note, training_format, training_unit_id) VALUES (54, 'Practical Applications of Gene Editing', 1, 75, 'Hands-on exercises in gene editing', 'Workshop', 27);
INSERT INTO fams.training_content (traning_content_id, content, delivery_type, duration, note, training_format, training_unit_id) VALUES (55, 'Content Creation and Planning', 0, 60, 'Overview of effective content creation', 'Presentation', 28);
INSERT INTO fams.training_content (traning_content_id, content, delivery_type, duration, note, training_format, training_unit_id) VALUES (56, 'Building a Successful Content Marketing Campaign', 1, 90, 'Practical exercises in content marketing', 'Workshop', 28);
INSERT INTO fams.training_content (traning_content_id, content, delivery_type, duration, note, training_format, training_unit_id) VALUES (57, 'Introduction to Quantum Mechanics', 0, 45, 'Overview of quantum mechanical concepts', 'Presentation', 29);
INSERT INTO fams.training_content (traning_content_id, content, delivery_type, duration, note, training_format, training_unit_id) VALUES (58, 'Quantum Experiments and Applications', 1, 75, 'Practical examples and discussions in quantum mechanics', 'Discussion', 29);
INSERT INTO fams.training_content (traning_content_id, content, delivery_type, duration, note, training_format, training_unit_id) VALUES (59, 'Fundamentals of Solar Energy', 0, 60, 'Overview of solar energy principles', 'Presentation', 30);
INSERT INTO fams.training_content (traning_content_id, content, delivery_type, duration, note, training_format, training_unit_id) VALUES (60, 'Designing and Installing Solar Systems', 1, 90, 'Practical exercises in solar system design', 'Workshop', 30);
INSERT INTO fams.training_content (traning_content_id, content, delivery_type, duration, note, training_format, training_unit_id) VALUES (61, 'Introduction to Ethical Hacking', 0, 60, 'Overview of ethical hacking principles', 'Presentation', 31);
INSERT INTO fams.training_content (traning_content_id, content, delivery_type, duration, note, training_format, training_unit_id) VALUES (62, 'Hands-on Penetration Testing', 1, 90, 'Practical exercises in ethical hacking', 'Workshop', 31);
INSERT INTO fams.training_content (traning_content_id, content, delivery_type, duration, note, training_format, training_unit_id) VALUES (63, 'The Search for Extraterrestrial Life', 0, 45, 'Overview of astrobiology and SETI', 'Presentation', 32);
INSERT INTO fams.training_content (traning_content_id, content, delivery_type, duration, note, training_format, training_unit_id) VALUES (64, 'Astrobiology Experiments', 1, 75, 'Hands-on experiments in astrobiology', 'Workshop', 32);
INSERT INTO fams.training_content (traning_content_id, content, delivery_type, duration, note, training_format, training_unit_id) VALUES (65, 'Introduction to Predictive Analytics', 0, 60, 'Overview of predictive analytics concepts', 'Presentation', 33);
INSERT INTO fams.training_content (traning_content_id, content, delivery_type, duration, note, training_format, training_unit_id) VALUES (66, 'Building Predictive Models', 1, 90, 'Practical exercises in predictive analytics', 'Workshop', 33);
INSERT INTO fams.training_content (traning_content_id, content, delivery_type, duration, note, training_format, training_unit_id) VALUES (67, 'Telescope Operation and Maintenance', 0, 45, 'Overview of telescope use and care', 'Presentation', 34);
INSERT INTO fams.training_content (traning_content_id, content, delivery_type, duration, note, training_format, training_unit_id) VALUES (68, 'Practical Celestial Observations', 1, 75, 'Hands-on observations using telescopes', 'Workshop', 34);
INSERT INTO fams.training_content (traning_content_id, content, delivery_type, duration, note, training_format, training_unit_id) VALUES (69, 'Fundamentals of Wind Energy', 0, 60, 'Overview of wind energy principles', 'Presentation', 35);
INSERT INTO fams.training_content (traning_content_id, content, delivery_type, duration, note, training_format, training_unit_id) VALUES (70, 'Designing and Installing Wind Systems', 1, 90, 'Practical exercises in wind system design', 'Workshop', 35);
INSERT INTO fams.training_content (traning_content_id, content, delivery_type, duration, note, training_format, training_unit_id) VALUES (71, 'Introduction to Natural Language Processing', 0, 60, 'Overview of NLP principles', 'Presentation', 36);
INSERT INTO fams.training_content (traning_content_id, content, delivery_type, duration, note, training_format, training_unit_id) VALUES (72, 'Text Processing Techniques', 1, 90, 'Practical exercises in text processing', 'Workshop', 36);
INSERT INTO fams.training_content (traning_content_id, content, delivery_type, duration, note, training_format, training_unit_id) VALUES (73, 'Biomechanics in Human Movement', 0, 45, 'Overview of biomechanical principles', 'Presentation', 37);
INSERT INTO fams.training_content (traning_content_id, content, delivery_type, duration, note, training_format, training_unit_id) VALUES (74, 'Prosthetic Design and Application', 1, 75, 'Hands-on exercises in prosthetic design', 'Workshop', 37);
INSERT INTO fams.training_content (traning_content_id, content, delivery_type, duration, note, training_format, training_unit_id) VALUES (75, 'Fundamentals of UI Design', 0, 60, 'Overview of UI design principles', 'Presentation', 38);
INSERT INTO fams.training_content (traning_content_id, content, delivery_type, duration, note, training_format, training_unit_id) VALUES (76, 'Practical UI Design Exercises', 1, 90, 'Hands-on exercises in UI design', 'Workshop', 38);
INSERT INTO fams.training_content (traning_content_id, content, delivery_type, duration, note, training_format, training_unit_id) VALUES (77, 'Introduction to Process Optimization', 0, 45, 'Overview of process optimization principles', 'Presentation', 39);
INSERT INTO fams.training_content (traning_content_id, content, delivery_type, duration, note, training_format, training_unit_id) VALUES (78, 'Optimizing Chemical Processes', 1, 75, 'Practical exercises in process optimization', 'Workshop', 39);
INSERT INTO fams.training_content (traning_content_id, content, delivery_type, duration, note, training_format, training_unit_id) VALUES (79, 'Fundamentals of Hydropower', 0, 60, 'Overview of hydropower principles', 'Presentation', 40);
INSERT INTO fams.training_content (traning_content_id, content, delivery_type, duration, note, training_format, training_unit_id) VALUES (80, 'Designing and Installing Hydropower Systems', 1, 90, 'Practical exercises in hydropower system design', 'Workshop', 40);
INSERT INTO fams.training_content (traning_content_id, content, delivery_type, duration, note, training_format, training_unit_id) VALUES (81, 'Introduction to Autonomous Drones', 0, 60, 'Overview of autonomous drone systems', 'Presentation', 41);
INSERT INTO fams.training_content (traning_content_id, content, delivery_type, duration, note, training_format, training_unit_id) VALUES (82, 'Hands-on Drone Programming', 1, 90, 'Practical exercises in programming autonomous drones', 'Workshop', 41);
INSERT INTO fams.training_content (traning_content_id, content, delivery_type, duration, note, training_format, training_unit_id) VALUES (83, 'Understanding Climate Change', 0, 45, 'Overview of climate change and its impacts', 'Presentation', 42);
INSERT INTO fams.training_content (traning_content_id, content, delivery_type, duration, note, training_format, training_unit_id) VALUES (84, 'Implementing Adaptation Strategies', 1, 75, 'Practical exercises in climate change adaptation', 'Workshop', 42);
INSERT INTO fams.training_content (traning_content_id, content, delivery_type, duration, note, training_format, training_unit_id) VALUES (85, 'Incident Response Planning', 0, 60, 'Overview of incident response planning', 'Presentation', 43);
INSERT INTO fams.training_content (traning_content_id, content, delivery_type, duration, note, training_format, training_unit_id) VALUES (86, 'Forensic Investigation Techniques', 1, 90, 'Practical exercises in cybersecurity forensics', 'Workshop', 43);
INSERT INTO fams.training_content (traning_content_id, content, delivery_type, duration, note, training_format, training_unit_id) VALUES (87, 'Introduction to Big Data Analytics', 0, 45, 'Overview of big data analytics concepts', 'Presentation', 44);
INSERT INTO fams.training_content (traning_content_id, content, delivery_type, duration, note, training_format, training_unit_id) VALUES (88, 'Analyzing Big Data with Apache Spark', 1, 75, 'Practical exercises in big data analytics', 'Workshop', 44);
INSERT INTO fams.training_content (traning_content_id, content, delivery_type, duration, note, training_format, training_unit_id) VALUES (89, 'Fundamentals of Geothermal Energy', 0, 60, 'Overview of geothermal energy principles', 'Presentation', 45);
INSERT INTO fams.training_content (traning_content_id, content, delivery_type, duration, note, training_format, training_unit_id) VALUES (90, 'Designing and Installing Geothermal Systems', 1, 90, 'Practical exercises in geothermal system design', 'Workshop', 45);
INSERT INTO fams.training_content (traning_content_id, content, delivery_type, duration, note, training_format, training_unit_id) VALUES (91, 'Introduction to Composite Materials', 0, 60, 'Overview of composite materials in aerospace', 'Presentation', 46);
INSERT INTO fams.training_content (traning_content_id, content, delivery_type, duration, note, training_format, training_unit_id) VALUES (92, 'Composite Material Design in Aircraft', 1, 90, 'Practical exercises in aircraft material design', 'Workshop', 46);
INSERT INTO fams.training_content (traning_content_id, content, delivery_type, duration, note, training_format, training_unit_id) VALUES (93, 'Introduction to Composite Materials', 0, 60, 'Overview of composite materials in aerospace', 'Presentation', 47);
INSERT INTO fams.training_content (traning_content_id, content, delivery_type, duration, note, training_format, training_unit_id) VALUES (94, 'Composite Material Design in Aircraft', 1, 90, 'Practical exercises in aircraft material design', 'Workshop', 47);
INSERT INTO fams.training_content (traning_content_id, content, delivery_type, duration, note, training_format, training_unit_id) VALUES (95, 'Introduction to Blockchain', 0, 60, 'Overview of blockchain and distributed ledgers', 'Presentation', 48);
INSERT INTO fams.training_content (traning_content_id, content, delivery_type, duration, note, training_format, training_unit_id) VALUES (96, 'Cryptocurrency Applications', 1, 90, 'Practical exercises in cryptocurrency development', 'Workshop', 48);
INSERT INTO fams.training_content (traning_content_id, content, delivery_type, duration, note, training_format, training_unit_id) VALUES (97, 'Principles of Green Chemistry', 0, 45, 'Overview of environmentally friendly chemical practices', 'Presentation', 49);
INSERT INTO fams.training_content (traning_content_id, content, delivery_type, duration, note, training_format, training_unit_id) VALUES (98, 'Implementation of Green Chemistry', 1, 75, 'Hands-on exercises in green chemical processes', 'Workshop', 49);
INSERT INTO fams.training_content (traning_content_id, content, delivery_type, duration, note, training_format, training_unit_id) VALUES (99, 'Fundamentals of Solar Photovoltaics', 0, 60, 'Overview of solar energy and photovoltaic technology', 'Presentation', 50);
INSERT INTO fams.training_content (traning_content_id, content, delivery_type, duration, note, training_format, training_unit_id) VALUES (100, 'Design and Installation Practices', 1, 90, 'Practical exercises in solar system design', 'Workshop', 50);
INSERT INTO fams.training_content (traning_content_id, content, delivery_type, duration, note, training_format, training_unit_id) VALUES (101, 'Introduction to Nanomaterials', 0, 60, 'Overview of nanomaterials and their properties', 'Presentation', 51);
INSERT INTO fams.training_content (traning_content_id, content, delivery_type, duration, note, training_format, training_unit_id) VALUES (102, 'Nanomaterials in Energy Storage', 1, 90, 'Practical exercises in nanomaterial applications', 'Workshop', 51);
INSERT INTO fams.training_content (traning_content_id, content, delivery_type, duration, note, training_format, training_unit_id) VALUES (103, 'Foundations of Urban Planning', 0, 45, 'Overview of urban planning principles', 'Presentation', 52);
INSERT INTO fams.training_content (traning_content_id, content, delivery_type, duration, note, training_format, training_unit_id) VALUES (104, 'Implementing Sustainable Practices', 1, 75, 'Case studies and exercises in sustainable urban planning', 'Workshop', 52);
INSERT INTO fams.training_content (traning_content_id, content, delivery_type, duration, note, training_format, training_unit_id) VALUES (105, 'Fundamentals of Reinforcement Learning', 0, 60, 'Overview of reinforcement learning principles', 'Presentation', 53);
INSERT INTO fams.training_content (traning_content_id, content, delivery_type, duration, note, training_format, training_unit_id) VALUES (106, 'Practical Applications', 1, 90, 'Hands-on exercises in reinforcement learning applications', 'Workshop', 53);
INSERT INTO fams.training_content (traning_content_id, content, delivery_type, duration, note, training_format, training_unit_id) VALUES (107, 'Overview of Waste-to-Energy', 0, 45, 'Introduction to waste-to-energy principles', 'Presentation', 54);
INSERT INTO fams.training_content (traning_content_id, content, delivery_type, duration, note, training_format, training_unit_id) VALUES (108, 'Technology Implementation', 1, 75, 'Case studies and practical exercises in waste-to-energy', 'Workshop', 54);
INSERT INTO fams.training_content (traning_content_id, content, delivery_type, duration, note, training_format, training_unit_id) VALUES (109, 'Challenges in IoT Security', 0, 60, 'Overview of security challenges in IoT', 'Presentation', 55);
INSERT INTO fams.training_content (traning_content_id, content, delivery_type, duration, note, training_format, training_unit_id) VALUES (110, 'Security Protocols and Practices', 1, 90, 'Practical exercises in implementing IoT security practices', 'Workshop', 55);
INSERT INTO fams.training_content (traning_content_id, content, delivery_type, duration, note, training_format, training_unit_id) VALUES (111, 'Introduction to Humanoid Robots', 0, 60, 'Overview of humanoid robot principles', 'Presentation', 56);
INSERT INTO fams.training_content (traning_content_id, content, delivery_type, duration, note, training_format, training_unit_id) VALUES (112, 'Programming Humanoid Robot Movements', 1, 90, 'Practical exercises in humanoid robot programming', 'Workshop', 56);
INSERT INTO fams.training_content (traning_content_id, content, delivery_type, duration, note, training_format, training_unit_id) VALUES (113, 'Introduction to Medical Imaging', 0, 45, 'Overview of medical imaging techniques', 'Presentation', 57);
INSERT INTO fams.training_content (traning_content_id, content, delivery_type, duration, note, training_format, training_unit_id) VALUES (114, 'Diagnostic Imaging Procedures', 1, 75, 'Hands-on exercises in medical imaging diagnostics', 'Workshop', 57);
INSERT INTO fams.training_content (traning_content_id, content, delivery_type, duration, note, training_format, training_unit_id) VALUES (115, 'Fundamentals of NLP', 0, 60, 'Overview of NLP concepts and applications', 'Presentation', 58);
INSERT INTO fams.training_content (traning_content_id, content, delivery_type, duration, note, training_format, training_unit_id) VALUES (116, 'NLP Applications in Data Analysis', 1, 90, 'Practical exercises in NLP for data analysis', 'Workshop', 58);
INSERT INTO fams.training_content (traning_content_id, content, delivery_type, duration, note, training_format, training_unit_id) VALUES (117, 'Introduction to Bioremediation', 0, 45, 'Overview of bioremediation principles', 'Presentation', 59);
INSERT INTO fams.training_content (traning_content_id, content, delivery_type, duration, note, training_format, training_unit_id) VALUES (118, 'Bioremediation Implementation', 1, 75, 'Case studies and practical exercises in bioremediation', 'Workshop', 59);
INSERT INTO fams.training_content (traning_content_id, content, delivery_type, duration, note, training_format, training_unit_id) VALUES (119, 'Wind Energy Fundamentals', 0, 60, 'Overview of wind energy principles', 'Presentation', 60);
INSERT INTO fams.training_content (traning_content_id, content, delivery_type, duration, note, training_format, training_unit_id) VALUES (120, 'Turbine Design and Operation', 1, 90, 'Practical exercises in wind turbine design', 'Workshop', 60);
INSERT INTO fams.training_content (traning_content_id, content, delivery_type, duration, note, training_format, training_unit_id) VALUES (121, 'Introduction to Exoplanets', 0, 60, 'Overview of exoplanet characteristics and discovery', 'Presentation', 61);
INSERT INTO fams.training_content (traning_content_id, content, delivery_type, duration, note, training_format, training_unit_id) VALUES (122, 'Exoplanet Detection Techniques', 1, 90, 'Practical exercises in exoplanet detection methods', 'Workshop', 61);
INSERT INTO fams.training_content (traning_content_id, content, delivery_type, duration, note, training_format, training_unit_id) VALUES (123, 'Gene Editing Technologies', 0, 45, 'Overview of CRISPR and other gene editing methods', 'Presentation', 62);
INSERT INTO fams.training_content (traning_content_id, content, delivery_type, duration, note, training_format, training_unit_id) VALUES (124, 'Therapeutic Applications', 1, 75, 'Case studies and exercises in therapeutic gene editing', 'Workshop', 62);
INSERT INTO fams.training_content (traning_content_id, content, delivery_type, duration, note, training_format, training_unit_id) VALUES (125, 'Fundamentals of Computer Vision', 0, 60, 'Overview of computer vision concepts and applications', 'Presentation', 63);
INSERT INTO fams.training_content (traning_content_id, content, delivery_type, duration, note, training_format, training_unit_id) VALUES (126, 'Practical Applications', 1, 90, 'Hands-on exercises in computer vision applications', 'Workshop', 63);
INSERT INTO fams.training_content (traning_content_id, content, delivery_type, duration, note, training_format, training_unit_id) VALUES (127, 'Green Chemistry Principles', 0, 45, 'Introduction to environmentally friendly chemical practices', 'Presentation', 64);
INSERT INTO fams.training_content (traning_content_id, content, delivery_type, duration, note, training_format, training_unit_id) VALUES (128, 'Implementation of Green Chemistry', 1, 75, 'Hands-on exercises in green chemical processes', 'Workshop', 64);
INSERT INTO fams.training_content (traning_content_id, content, delivery_type, duration, note, training_format, training_unit_id) VALUES (129, 'Fundamentals of Solar Photovoltaics', 0, 60, 'Overview of solar energy and photovoltaic technology', 'Presentation', 65);
INSERT INTO fams.training_content (traning_content_id, content, delivery_type, duration, note, training_format, training_unit_id) VALUES (130, 'Design and Installation Practices', 1, 90, 'Practical exercises in solar system design', 'Workshop', 65);
INSERT INTO fams.training_content (traning_content_id, content, delivery_type, duration, note, training_format, training_unit_id) VALUES (131, 'Data Visualization Principles', 1, 60, 'Introduction to data visualization concepts', 'Presentation', 66);
INSERT INTO fams.training_content (traning_content_id, content, delivery_type, duration, note, training_format, training_unit_id) VALUES (132, 'Hands-on Visualization Tools', 0, 90, 'Practical exercises with popular visualization tools', 'Workshop', 66);
INSERT INTO fams.training_content (traning_content_id, content, delivery_type, duration, note, training_format, training_unit_id) VALUES (133, 'Advanced Visualization Techniques', 1, 120, 'In-depth coverage of advanced visualization methods', 'Presentation', 66);
INSERT INTO fams.training_content (traning_content_id, content, delivery_type, duration, note, training_format, training_unit_id) VALUES (134, 'Introduction to the Topic', 1, 60, 'Overview of the topic', 'Presentation', 67);
INSERT INTO fams.training_content (traning_content_id, content, delivery_type, duration, note, training_format, training_unit_id) VALUES (135, 'Hands-on Practice', 0, 90, 'Practical exercises', 'Workshop', 67);
INSERT INTO fams.training_content (traning_content_id, content, delivery_type, duration, note, training_format, training_unit_id) VALUES (136, 'Advanced Concepts', 1, 120, 'In-depth coverage of advanced concepts', 'Presentation', 67);
INSERT INTO fams.training_content (traning_content_id, content, delivery_type, duration, note, training_format, training_unit_id) VALUES (137, 'Advanced Hands-on Practice', 1, 150, 'Advanced practical exercises', 'Workshop', 68);
INSERT INTO fams.training_content (traning_content_id, content, delivery_type, duration, note, training_format, training_unit_id) VALUES (138, 'Review and Q&A', 1, 60, 'Review key concepts and answer questions', 'Discussion', 68);
INSERT INTO fams.training_content (traning_content_id, content, delivery_type, duration, note, training_format, training_unit_id) VALUES (139, 'Final Assessment', 0, 120, 'Test participants\' knowledge', 'Assessment', 68);
INSERT INTO fams.training_content (traning_content_id, content, delivery_type, duration, note, training_format, training_unit_id) VALUES (140, 'Python Basics', 1, 60, 'Introduction to Python programming', 'Presentation', 69);
INSERT INTO fams.training_content (traning_content_id, content, delivery_type, duration, note, training_format, training_unit_id) VALUES (141, 'Hands-on Practice with Python', 0, 90, 'Coding exercises in Python', 'Workshop', 69);
INSERT INTO fams.training_content (traning_content_id, content, delivery_type, duration, note, training_format, training_unit_id) VALUES (142, 'Understanding Data Structures', 1, 60, 'Introduction to data structures', 'Presentation', 70);
INSERT INTO fams.training_content (traning_content_id, content, delivery_type, duration, note, training_format, training_unit_id) VALUES (143, 'Algorithm Design and Analysis', 0, 90, 'Practical exercises on algorithm design', 'Workshop', 70);
INSERT INTO fams.training_content (traning_content_id, content, delivery_type, duration, note, training_format, training_unit_id) VALUES (144, 'Java Basics', 1, 60, 'Introduction to Java programming', 'Presentation', 71);
INSERT INTO fams.training_content (traning_content_id, content, delivery_type, duration, note, training_format, training_unit_id) VALUES (145, 'Hands-on Practice with Java', 0, 90, 'Coding exercises in Java', 'Workshop', 71);


INSERT INTO fams.learning_objective (learning_objective_code, description, name, type, traning_content_id) VALUES (1, 'Understand the fundamentals of programming languages', 'Fundamentals', 'ABCD', 1);
INSERT INTO fams.learning_objective (learning_objective_code, description, name, type, traning_content_id) VALUES (2, 'Apply theoretical knowledge through coding practice', 'Coding Practice', 'EFGH', 2);
INSERT INTO fams.learning_objective (learning_objective_code, description, name, type, traning_content_id) VALUES (3, 'Learn effective content creation techniques', 'Content Creation', 'IJKL', 3);
INSERT INTO fams.learning_objective (learning_objective_code, description, name, type, traning_content_id) VALUES (4, 'Explore strategies for content distribution', 'Distribution Strategies', 'MNOP', 4);
INSERT INTO fams.learning_objective (learning_objective_code, description, name, type, traning_content_id) VALUES (5, 'Understand various financial risks', 'Risk Understanding', 'QRST', 5);
INSERT INTO fams.learning_objective (learning_objective_code, description, name, type, traning_content_id) VALUES (6, 'Learn strategies to mitigate financial risks', 'Mitigation Strategies', 'UVWX', 6);
INSERT INTO fams.learning_objective (learning_objective_code, description, name, type, traning_content_id) VALUES (7, 'Understand the basics of telemedicine', 'Basics', 'YZAB', 7);
INSERT INTO fams.learning_objective (learning_objective_code, description, name, type, traning_content_id) VALUES (8, 'Implement telehealth solutions in healthcare', 'Implementation', 'CDEF', 8);
INSERT INTO fams.learning_objective (learning_objective_code, description, name, type, traning_content_id) VALUES (9, 'Understand the fundamentals of robotics', 'Fundamentals', 'GHIJ', 9);
INSERT INTO fams.learning_objective (learning_objective_code, description, name, type, traning_content_id) VALUES (10, 'Apply theoretical knowledge through robotics projects', 'Projects', 'KLMN', 10);
INSERT INTO fams.learning_objective (learning_objective_code, description, name, type, traning_content_id) VALUES (11, 'Understand color theory and its application in design', 'Color Theory', 'OPQR', 11);
INSERT INTO fams.learning_objective (learning_objective_code, description, name, type, traning_content_id) VALUES (12, 'Apply effective typography and layout design principles', 'Typography & Layout', 'STUV', 12);
INSERT INTO fams.learning_objective (learning_objective_code, description, name, type, traning_content_id) VALUES (13, 'Develop engaging online learning activities', 'Engaging Activities', 'WXYZ', 13);
INSERT INTO fams.learning_objective (learning_objective_code, description, name, type, traning_content_id) VALUES (14, 'Utilize multimedia effectively in online teaching', 'Multimedia Usage', 'ABCD', 14);
INSERT INTO fams.learning_objective (learning_objective_code, description, name, type, traning_content_id) VALUES (15, 'Understand different leadership styles and their impact', 'Leadership Styles', 'EFGH', 15);
INSERT INTO fams.learning_objective (learning_objective_code, description, name, type, traning_content_id) VALUES (16, 'Develop strategies to motivate and engage employees', 'Motivation Strategies', 'IJKL', 16);
INSERT INTO fams.learning_objective (learning_objective_code, description, name, type, traning_content_id) VALUES (17, 'Understand the principles of sustainable business', 'Principles', 'MNOP', 17);
INSERT INTO fams.learning_objective (learning_objective_code, description, name, type, traning_content_id) VALUES (18, 'Implement eco-friendly initiatives in business', 'Green Initiatives', 'QRST', 18);
INSERT INTO fams.learning_objective (learning_objective_code, description, name, type, traning_content_id) VALUES (19, 'Understand common cybersecurity threats', 'Threat Understanding', 'UVWX', 19);
INSERT INTO fams.learning_objective (learning_objective_code, description, name, type, traning_content_id) VALUES (20, 'Implement secure practices to mitigate cybersecurity risks', 'Secure Practices', 'YZAB', 20);
INSERT INTO fams.learning_objective (learning_objective_code, description, name, type, traning_content_id) VALUES (21, 'Understand the basics of digital art creation', 'Basics', 'CDEF', 21);
INSERT INTO fams.learning_objective (learning_objective_code, description, name, type, traning_content_id) VALUES (22, 'Apply advanced digital illustration techniques', 'Advanced Techniques', 'GHIJ', 22);
INSERT INTO fams.learning_objective (learning_objective_code, description, name, type, traning_content_id) VALUES (23, 'Understand the basics of astronomy', 'Basics', 'KLMN', 23);
INSERT INTO fams.learning_objective (learning_objective_code, description, name, type, traning_content_id) VALUES (24, 'Develop observational techniques in space exploration', 'Observational Techniques', 'OPQR', 24);
INSERT INTO fams.learning_objective (learning_objective_code, description, name, type, traning_content_id) VALUES (25, 'Understand the nutritional needs of athletes', 'Nutritional Requirements', 'STUV', 25);
INSERT INTO fams.learning_objective (learning_objective_code, description, name, type, traning_content_id) VALUES (26, 'Enhance athletic performance through fitness training', 'Performance Enhancement', 'WXYZ', 26);
INSERT INTO fams.learning_objective (learning_objective_code, description, name, type, traning_content_id) VALUES (27, 'Understand the basics of culinary arts', 'Basics', 'ABCD', 27);
INSERT INTO fams.learning_objective (learning_objective_code, description, name, type, traning_content_id) VALUES (28, 'Apply culinary techniques through hands-on cooking', 'Hands-on Cooking', 'EFGH', 28);
INSERT INTO fams.learning_objective (learning_objective_code, description, name, type, traning_content_id) VALUES (29, 'Understand the basics of film production', 'Basics', 'IJKL', 29);
INSERT INTO fams.learning_objective (learning_objective_code, description, name, type, traning_content_id) VALUES (30, 'Apply advanced cinematography techniques', 'Advanced Techniques', 'MNOP', 30);
INSERT INTO fams.learning_objective (learning_objective_code, description, name, type, traning_content_id) VALUES (31, 'Understand the basics of artificial intelligence', 'Basics', 'QRST', 31);
INSERT INTO fams.learning_objective (learning_objective_code, description, name, type, traning_content_id) VALUES (32, 'Apply programming skills in AI development', 'Programming Skills', 'UVWX', 32);
INSERT INTO fams.learning_objective (learning_objective_code, description, name, type, traning_content_id) VALUES (33, 'Understand the basics of medical imaging', 'Basics', 'YZAB', 33);
INSERT INTO fams.learning_objective (learning_objective_code, description, name, type, traning_content_id) VALUES (34, 'Apply imaging technologies in medical settings', 'Practical Applications', 'CDEF', 34);
INSERT INTO fams.learning_objective (learning_objective_code, description, name, type, traning_content_id) VALUES (35, 'Learn effective budgeting and saving strategies', 'Budgeting and Saving', 'GHIJ', 35);
INSERT INTO fams.learning_objective (learning_objective_code, description, name, type, traning_content_id) VALUES (36, 'Understand investment options for young professionals', 'Investment Planning', 'KLMN', 36);
INSERT INTO fams.learning_objective (learning_objective_code, description, name, type, traning_content_id) VALUES (37, 'Develop interactive learning activities for STEM subjects', 'Interactive Learning', 'OPQR', 37);
INSERT INTO fams.learning_objective (learning_objective_code, description, name, type, traning_content_id) VALUES (38, 'Implement innovative teaching methods in STEM education', 'Implementation', 'STUV', 38);
INSERT INTO fams.learning_objective (learning_objective_code, description, name, type, traning_content_id) VALUES (39, 'Understand various renewable energy sources', 'Renewable Energy Sources', 'WXYZ', 39);
INSERT INTO fams.learning_objective (learning_objective_code, description, name, type, traning_content_id) VALUES (40, 'Apply knowledge through hands-on renewable energy projects', 'Hands-on Projects', 'ABCD', 40);
INSERT INTO fams.learning_objective (learning_objective_code, description, name, type, traning_content_id) VALUES (41, 'Understand the fundamental concepts of machine learning', 'Fundamental Concepts', 'EFGH', 41);
INSERT INTO fams.learning_objective (learning_objective_code, description, name, type, traning_content_id) VALUES (42, 'Apply machine learning in practical scenarios', 'Practical Applications', 'IJKL', 42);
INSERT INTO fams.learning_objective (learning_objective_code, description, name, type, traning_content_id) VALUES (43, 'Understand the science behind climate change', 'Climate Change Science', 'MNOP', 43);
INSERT INTO fams.learning_objective (learning_objective_code, description, name, type, traning_content_id) VALUES (44, 'Adopt sustainable practices in daily life', 'Sustainable Practices', 'QRST', 44);
INSERT INTO fams.learning_objective (learning_objective_code, description, name, type, traning_content_id) VALUES (45, 'Understand social media marketing techniques', 'Social Media Marketing', 'UVWX', 45);
INSERT INTO fams.learning_objective (learning_objective_code, description, name, type, traning_content_id) VALUES (46, 'Develop and launch successful online marketing campaigns', 'Online Campaigns', 'YZAB', 46);
INSERT INTO fams.learning_objective (learning_objective_code, description, name, type, traning_content_id) VALUES (47, 'Understand the principles of effective data visualization', 'Principles', 'CDEF', 47);
INSERT INTO fams.learning_objective (learning_objective_code, description, name, type, traning_content_id) VALUES (48, 'Develop interactive and informative data dashboards', 'Interactive Dashboards', 'GHIJ', 48);
INSERT INTO fams.learning_objective (learning_objective_code, description, name, type, traning_content_id) VALUES (49, 'Understand the basic principles of astrophysics', 'Fundamental Principles', 'KLMN', 49);
INSERT INTO fams.learning_objective (learning_objective_code, description, name, type, traning_content_id) VALUES (50, 'Explore cosmological theories and observations', 'Cosmological Theories', 'OPQR', 50);
INSERT INTO fams.learning_objective (learning_objective_code, description, name, type, traning_content_id) VALUES (51, 'Understand basic programming concepts in robotics', 'Basic Concepts', 'STUV', 51);
INSERT INTO fams.learning_objective (learning_objective_code, description, name, type, traning_content_id) VALUES (52, 'Apply programming skills to control robots', 'Programming Skills', 'WXYZ', 52);
INSERT INTO fams.learning_objective (learning_objective_code, description, name, type, traning_content_id) VALUES (53, 'Understand the principles of gene editing', 'Principles', 'ABCD', 53);
INSERT INTO fams.learning_objective (learning_objective_code, description, name, type, traning_content_id) VALUES (54, 'Apply gene editing techniques in biotechnology', 'Applications', 'EFGH', 54);
INSERT INTO fams.learning_objective (learning_objective_code, description, name, type, traning_content_id) VALUES (55, 'Learn content creation and planning strategies', 'Content Creation', 'IJKL', 55);
INSERT INTO fams.learning_objective (learning_objective_code, description, name, type, traning_content_id) VALUES (56, 'Develop and launch successful content marketing campaigns', 'Marketing Campaigns', 'MNOP', 56);
INSERT INTO fams.learning_objective (learning_objective_code, description, name, type, traning_content_id) VALUES (57, 'Understand the basic principles of quantum mechanics', 'Basic Principles', 'QRST', 57);
INSERT INTO fams.learning_objective (learning_objective_code, description, name, type, traning_content_id) VALUES (58, 'Explore experiments and applications of quantum mechanics', 'Experiments and Applications', 'UVWX', 58);
INSERT INTO fams.learning_objective (learning_objective_code, description, name, type, traning_content_id) VALUES (59, 'Understand the fundamentals of solar energy', 'Fundamentals', 'YZAB', 59);
INSERT INTO fams.learning_objective (learning_objective_code, description, name, type, traning_content_id) VALUES (60, 'Learn the process of designing and installing solar energy systems', 'Design and Installation', 'CDEF', 60);
INSERT INTO fams.learning_objective (learning_objective_code, description, name, type, traning_content_id) VALUES (61, 'Understand the basics of ethical hacking', 'Basics', 'GHIJ', 61);
INSERT INTO fams.learning_objective (learning_objective_code, description, name, type, traning_content_id) VALUES (62, 'Apply penetration testing techniques', 'Penetration Testing', 'KLMN', 62);
INSERT INTO fams.learning_objective (learning_objective_code, description, name, type, traning_content_id) VALUES (63, 'Understand the search for extraterrestrial life', 'Search for Life', 'OPQR', 63);
INSERT INTO fams.learning_objective (learning_objective_code, description, name, type, traning_content_id) VALUES (64, 'Explore astrobiology experiments', 'Experiments', 'STUV', 64);
INSERT INTO fams.learning_objective (learning_objective_code, description, name, type, traning_content_id) VALUES (65, 'Understand the fundamentals of predictive analytics', 'Fundamentals', 'WXYZ', 65);
INSERT INTO fams.learning_objective (learning_objective_code, description, name, type, traning_content_id) VALUES (66, 'Learn to build predictive models using machine learning', 'Predictive Models', 'ABCD', 66);
INSERT INTO fams.learning_objective (learning_objective_code, description, name, type, traning_content_id) VALUES (67, 'Understand telescope operation and maintenance', 'Telescope Operation', 'EFGH', 67);
INSERT INTO fams.learning_objective (learning_objective_code, description, name, type, traning_content_id) VALUES (68, 'Conduct practical celestial observations', 'Celestial Observations', 'IJKL', 68);
INSERT INTO fams.learning_objective (learning_objective_code, description, name, type, traning_content_id) VALUES (69, 'Understand the fundamentals of wind energy', 'Fundamentals', 'MNOP', 69);
INSERT INTO fams.learning_objective (learning_objective_code, description, name, type, traning_content_id) VALUES (70, 'Learn the process of designing and installing wind energy systems', 'Design and Installation', 'QRST', 70);
INSERT INTO fams.learning_objective (learning_objective_code, description, name, type, traning_content_id) VALUES (71, 'Understand the fundamentals of natural language processing', 'Fundamentals', 'UVWX', 71);
INSERT INTO fams.learning_objective (learning_objective_code, description, name, type, traning_content_id) VALUES (72, 'Apply text processing techniques in NLP', 'Text Processing', 'YZAB', 72);
INSERT INTO fams.learning_objective (learning_objective_code, description, name, type, traning_content_id) VALUES (73, 'Understand the biomechanics of human movement', 'Biomechanics', 'CDEF', 73);
INSERT INTO fams.learning_objective (learning_objective_code, description, name, type, traning_content_id) VALUES (74, 'Apply biomechanical principles in prosthetic design', 'Prosthetic Design', 'GHIJ', 74);
INSERT INTO fams.learning_objective (learning_objective_code, description, name, type, traning_content_id) VALUES (75, 'Understand the fundamentals of user interface design', 'Fundamentals', 'KLMN', 75);
INSERT INTO fams.learning_objective (learning_objective_code, description, name, type, traning_content_id) VALUES (76, 'Apply UI design principles in practical exercises', 'UI Design Exercises', 'OPQR', 76);
INSERT INTO fams.learning_objective (learning_objective_code, description, name, type, traning_content_id) VALUES (77, 'Understand the basics of process optimization', 'Basics', 'STUV', 77);
INSERT INTO fams.learning_objective (learning_objective_code, description, name, type, traning_content_id) VALUES (78, 'Apply optimization techniques in chemical processes', 'Optimization Techniques', 'WXYZ', 78);
INSERT INTO fams.learning_objective (learning_objective_code, description, name, type, traning_content_id) VALUES (79, 'Understand the fundamentals of hydropower', 'Fundamentals', 'ABCD', 79);
INSERT INTO fams.learning_objective (learning_objective_code, description, name, type, traning_content_id) VALUES (80, 'Learn the process of designing and installing hydropower systems', 'Design and Installation', 'EFGH', 80);
INSERT INTO fams.learning_objective (learning_objective_code, description, name, type, traning_content_id) VALUES (81, 'Understand the basics of autonomous drone technology', 'Basics', 'IJKL', 81);
INSERT INTO fams.learning_objective (learning_objective_code, description, name, type, traning_content_id) VALUES (82, 'Apply programming skills for drone autonomy', 'Programming Skills', 'MNOP', 82);
INSERT INTO fams.learning_objective (learning_objective_code, description, name, type, traning_content_id) VALUES (83, 'Understand the science behind climate change', 'Climate Science', 'QRST', 83);
INSERT INTO fams.learning_objective (learning_objective_code, description, name, type, traning_content_id) VALUES (84, 'Apply strategies for adapting to climate change', 'Adaptation Strategies', 'UVWX', 84);
INSERT INTO fams.learning_objective (learning_objective_code, description, name, type, traning_content_id) VALUES (85, 'Understand the process of incident response', 'Incident Response', 'YZAB', 85);
INSERT INTO fams.learning_objective (learning_objective_code, description, name, type, traning_content_id) VALUES (86, 'Apply forensic investigation techniques', 'Forensic Investigation', 'CDEF', 86);
INSERT INTO fams.learning_objective (learning_objective_code, description, name, type, traning_content_id) VALUES (87, 'Understand the basics of big data analytics', 'Basics', 'GHIJ', 87);
INSERT INTO fams.learning_objective (learning_objective_code, description, name, type, traning_content_id) VALUES (88, 'Apply Apache Spark for big data analysis', 'Spark Analysis', 'KLMN', 88);
INSERT INTO fams.learning_objective (learning_objective_code, description, name, type, traning_content_id) VALUES (89, 'Understand the fundamentals of geothermal energy', 'Fundamentals', 'OPQR', 89);
INSERT INTO fams.learning_objective (learning_objective_code, description, name, type, traning_content_id) VALUES (90, 'Learn the process of designing and installing geothermal energy systems', 'Design and Installation', 'STUV', 90);
INSERT INTO fams.learning_objective (learning_objective_code, description, name, type, traning_content_id) VALUES (91, 'Understand the basics of composite materials', 'Basics', 'WXYZ', 91);
INSERT INTO fams.learning_objective (learning_objective_code, description, name, type, traning_content_id) VALUES (92, 'Apply design considerations for composite materials in aircraft', 'Design Considerations', 'ABCD', 92);
INSERT INTO fams.learning_objective (learning_objective_code, description, name, type, traning_content_id) VALUES (93, 'Understand the basics of composite materials', 'Basics', 'EFGH', 93);
INSERT INTO fams.learning_objective (learning_objective_code, description, name, type, traning_content_id) VALUES (94, 'Apply design considerations for composite materials in aircraft', 'Design Considerations', 'IJKL', 94);
INSERT INTO fams.learning_objective (learning_objective_code, description, name, type, traning_content_id) VALUES (95, 'Understand the basics of blockchain technology', 'Basics', 'MNOP', 95);
INSERT INTO fams.learning_objective (learning_objective_code, description, name, type, traning_content_id) VALUES (96, 'Apply blockchain in cryptocurrency systems', 'Cryptocurrency Applications', 'QRST', 96);
INSERT INTO fams.learning_objective (learning_objective_code, description, name, type, traning_content_id) VALUES (97, 'Understand the principles of green chemistry', 'Principles', 'UVWX', 97);
INSERT INTO fams.learning_objective (learning_objective_code, description, name, type, traning_content_id) VALUES (98, 'Apply green chemistry practices in chemical engineering', 'Implementation', 'YZAB', 98);
INSERT INTO fams.learning_objective (learning_objective_code, description, name, type, traning_content_id) VALUES (99, 'Understand the fundamentals of solar photovoltaic systems', 'Fundamentals', 'CDEF', 99);
INSERT INTO fams.learning_objective (learning_objective_code, description, name, type, traning_content_id) VALUES (100, 'Learn the process of designing and installing solar photovoltaic systems', 'Design and Installation', 'GHIJ', 100);
INSERT INTO fams.learning_objective (learning_objective_code, description, name, type, traning_content_id) VALUES (101, 'Understand the basics of nanomaterials', 'Basics', 'KLMN', 101);
INSERT INTO fams.learning_objective (learning_objective_code, description, name, type, traning_content_id) VALUES (102, 'Apply nanomaterials in energy storage systems', 'Application', 'OPQR', 102);
INSERT INTO fams.learning_objective (learning_objective_code, description, name, type, traning_content_id) VALUES (103, 'Understand the basics of urban planning', 'Basics', 'STUV', 103);
INSERT INTO fams.learning_objective (learning_objective_code, description, name, type, traning_content_id) VALUES (104, 'Apply sustainable practices in urban planning', 'Sustainable Practices', 'WXYZ', 104);
INSERT INTO fams.learning_objective (learning_objective_code, description, name, type, traning_content_id) VALUES (105, 'Understand the basics of reinforcement learning', 'Basics', 'ABCD', 105);
INSERT INTO fams.learning_objective (learning_objective_code, description, name, type, traning_content_id) VALUES (106, 'Apply reinforcement learning in practical scenarios', 'Applications', 'EFGH', 106);
INSERT INTO fams.learning_objective (learning_objective_code, description, name, type, traning_content_id) VALUES (107, 'Understand the basics of waste-to-energy technologies', 'Basics', 'IJKL', 107);
INSERT INTO fams.learning_objective (learning_objective_code, description, name, type, traning_content_id) VALUES (108, 'Apply waste-to-energy technologies in practice', 'Implementation', 'MNOP', 108);
INSERT INTO fams.learning_objective (learning_objective_code, description, name, type, traning_content_id) VALUES (109, 'Understand the challenges in securing IoT devices', 'Challenges', 'QRST', 109);
INSERT INTO fams.learning_objective (learning_objective_code, description, name, type, traning_content_id) VALUES (110, 'Apply security protocols for securing IoT devices', 'Security Protocols', 'UVWX', 110);
INSERT INTO fams.learning_objective (learning_objective_code, description, name, type, traning_content_id) VALUES (111, 'Understand the basics of humanoid robots', 'Basics', 'YZAB', 111);
INSERT INTO fams.learning_objective (learning_objective_code, description, name, type, traning_content_id) VALUES (112, 'Apply programming for humanoid robot movements', 'Programming Movements', 'CDEF', 112);
INSERT INTO fams.learning_objective (learning_objective_code, description, name, type, traning_content_id) VALUES (113, 'Understand the basics of medical imaging', 'Basics', 'GHIJ', 113);
INSERT INTO fams.learning_objective (learning_objective_code, description, name, type, traning_content_id) VALUES (114, 'Apply diagnostic imaging procedures', 'Diagnostic Procedures', 'KLMN', 114);
INSERT INTO fams.learning_objective (learning_objective_code, description, name, type, traning_content_id) VALUES (115, 'Understand the basics of natural language processing', 'Basics', 'OPQR', 115);
INSERT INTO fams.learning_objective (learning_objective_code, description, name, type, traning_content_id) VALUES (116, 'Apply NLP techniques in data analysis', 'Applications', 'STUV', 116);
INSERT INTO fams.learning_objective (learning_objective_code, description, name, type, traning_content_id) VALUES (117, 'Understand the basics of bioremediation', 'Basics', 'WXYZ', 117);
INSERT INTO fams.learning_objective (learning_objective_code, description, name, type, traning_content_id) VALUES (118, 'Apply bioremediation techniques in practice', 'Implementation', 'ABCD', 118);
INSERT INTO fams.learning_objective (learning_objective_code, description, name, type, traning_content_id) VALUES (119, 'Understand the fundamentals of wind energy', 'Fundamentals', 'EFGH', 119);
INSERT INTO fams.learning_objective (learning_objective_code, description, name, type, traning_content_id) VALUES (120, 'Apply turbine design and operation principles', 'Design and Operation', 'IJKL', 120);
INSERT INTO fams.learning_objective (learning_objective_code, description, name, type, traning_content_id) VALUES (121, 'Understand the basics of exoplanets', 'Basics', 'MNOP', 121);
INSERT INTO fams.learning_objective (learning_objective_code, description, name, type, traning_content_id) VALUES (122, 'Apply techniques for detecting exoplanets', 'Detection Techniques', 'QRST', 122);
INSERT INTO fams.learning_objective (learning_objective_code, description, name, type, traning_content_id) VALUES (123, 'Understand the basics of gene editing technologies', 'Basics', 'UVWX', 123);
INSERT INTO fams.learning_objective (learning_objective_code, description, name, type, traning_content_id) VALUES (124, 'Apply gene editing in therapeutic contexts', 'Applications', 'YZAB', 124);
INSERT INTO fams.learning_objective (learning_objective_code, description, name, type, traning_content_id) VALUES (125, 'Understand the basics of computer vision', 'Basics', 'CDEF', 125);
INSERT INTO fams.learning_objective (learning_objective_code, description, name, type, traning_content_id) VALUES (126, 'Apply computer vision in practical scenarios', 'Applications', 'GHIJ', 126);
INSERT INTO fams.learning_objective (learning_objective_code, description, name, type, traning_content_id) VALUES (127, 'Understand the principles of green chemistry', 'Principles', 'KLMN', 127);
INSERT INTO fams.learning_objective (learning_objective_code, description, name, type, traning_content_id) VALUES (128, 'Apply green chemistry practices in chemical engineering', 'Implementation', 'OPQR', 128);
INSERT INTO fams.learning_objective (learning_objective_code, description, name, type, traning_content_id) VALUES (129, 'Understand the fundamentals of solar photovoltaic systems', 'Fundamentals', 'STUV', 129);
INSERT INTO fams.learning_objective (learning_objective_code, description, name, type, traning_content_id) VALUES (130, 'Learn the process of designing and installing solar photovoltaic systems', 'Design and Installation', 'WXYZ', 130);
INSERT INTO fams.learning_objective (learning_objective_code, description, name, type, traning_content_id) VALUES (131, 'Understand principles of effective data visualization', 'Principles', 'HAAO', 131);
INSERT INTO fams.learning_objective (learning_objective_code, description, name, type, traning_content_id) VALUES (132, 'Apply data visualization tools', 'Visualization Tools', 'AFGH', 132);
INSERT INTO fams.learning_objective (learning_objective_code, description, name, type, traning_content_id) VALUES (133, 'Explore advanced data visualization techniques', 'Advanced Techniques', 'LKJK', 133);
INSERT INTO fams.learning_objective (learning_objective_code, description, name, type, traning_content_id) VALUES (134, 'Understand the basics', 'Basics', 'HAAO', 134);
INSERT INTO fams.learning_objective (learning_objective_code, description, name, type, traning_content_id) VALUES (135, 'Apply theoretical knowledge', 'Application', 'AFGH', 135);
INSERT INTO fams.learning_objective (learning_objective_code, description, name, type, traning_content_id) VALUES (136, 'Explore advanced topics', 'Advanced Exploration', 'LKJK', 136);
INSERT INTO fams.learning_objective (learning_objective_code, description, name, type, traning_content_id) VALUES (137, 'Apply advanced theoretical knowledge', 'Advanced Application', 'HKDT', 137);
INSERT INTO fams.learning_objective (learning_objective_code, description, name, type, traning_content_id) VALUES (138, 'Consolidate learning', 'Consolidation', 'KFGH', 138);
INSERT INTO fams.learning_objective (learning_objective_code, description, name, type, traning_content_id) VALUES (139, 'Evaluate understanding', 'Evaluation', 'KYHT', 139);
INSERT INTO fams.learning_objective (learning_objective_code, description, name, type, traning_content_id) VALUES (140, 'Understand basic Python syntax and concepts', 'Basic Syntax', 'HAAO', 140);
INSERT INTO fams.learning_objective (learning_objective_code, description, name, type, traning_content_id) VALUES (141, 'Apply Python concepts through practical exercises', 'Practical Application', 'AFGH', 141);
INSERT INTO fams.learning_objective (learning_objective_code, description, name, type, traning_content_id) VALUES (142, 'Learn about various data structures', 'Data Structures', 'HAAO', 142);
INSERT INTO fams.learning_objective (learning_objective_code, description, name, type, traning_content_id) VALUES (143, 'Understand algorithm design and analysis techniques', 'Algorithm Analysis', 'AFGH', 143);
INSERT INTO fams.learning_objective (learning_objective_code, description, name, type, traning_content_id) VALUES (144, 'Understand basic Java syntax and concepts', 'Basic Syntax', 'HAAO', 144);
INSERT INTO fams.learning_objective (learning_objective_code, description, name, type, traning_content_id) VALUES (145, 'Apply Java concepts through practical exercises', 'Practical Application', 'AFGH', 145);


INSERT INTO fams.syllabus_object (id, learning_objective_code, topic_code) VALUES (1, 1, 'A01');
INSERT INTO fams.syllabus_object (id, learning_objective_code, topic_code) VALUES (2, 2, 'A01');
INSERT INTO fams.syllabus_object (id, learning_objective_code, topic_code) VALUES (3, 3, 'A02');
INSERT INTO fams.syllabus_object (id, learning_objective_code, topic_code) VALUES (4, 4, 'A02');
INSERT INTO fams.syllabus_object (id, learning_objective_code, topic_code) VALUES (5, 5, 'A03');
INSERT INTO fams.syllabus_object (id, learning_objective_code, topic_code) VALUES (6, 6, 'A03');
INSERT INTO fams.syllabus_object (id, learning_objective_code, topic_code) VALUES (7, 7, 'A04');
INSERT INTO fams.syllabus_object (id, learning_objective_code, topic_code) VALUES (8, 8, 'A04');
INSERT INTO fams.syllabus_object (id, learning_objective_code, topic_code) VALUES (9, 9, 'A05');
INSERT INTO fams.syllabus_object (id, learning_objective_code, topic_code) VALUES (10, 10, 'A05');
INSERT INTO fams.syllabus_object (id, learning_objective_code, topic_code) VALUES (11, 11, 'A06');
INSERT INTO fams.syllabus_object (id, learning_objective_code, topic_code) VALUES (12, 12, 'A06');
INSERT INTO fams.syllabus_object (id, learning_objective_code, topic_code) VALUES (13, 13, 'A07');
INSERT INTO fams.syllabus_object (id, learning_objective_code, topic_code) VALUES (14, 14, 'A07');
INSERT INTO fams.syllabus_object (id, learning_objective_code, topic_code) VALUES (15, 15, 'A08');
INSERT INTO fams.syllabus_object (id, learning_objective_code, topic_code) VALUES (16, 16, 'A08');
INSERT INTO fams.syllabus_object (id, learning_objective_code, topic_code) VALUES (17, 17, 'A09');
INSERT INTO fams.syllabus_object (id, learning_objective_code, topic_code) VALUES (18, 18, 'A09');
INSERT INTO fams.syllabus_object (id, learning_objective_code, topic_code) VALUES (19, 19, 'A10');
INSERT INTO fams.syllabus_object (id, learning_objective_code, topic_code) VALUES (20, 20, 'A10');
INSERT INTO fams.syllabus_object (id, learning_objective_code, topic_code) VALUES (21, 21, 'A11');
INSERT INTO fams.syllabus_object (id, learning_objective_code, topic_code) VALUES (22, 22, 'A11');
INSERT INTO fams.syllabus_object (id, learning_objective_code, topic_code) VALUES (23, 23, 'A12');
INSERT INTO fams.syllabus_object (id, learning_objective_code, topic_code) VALUES (24, 24, 'A12');
INSERT INTO fams.syllabus_object (id, learning_objective_code, topic_code) VALUES (25, 25, 'A13');
INSERT INTO fams.syllabus_object (id, learning_objective_code, topic_code) VALUES (26, 26, 'A13');
INSERT INTO fams.syllabus_object (id, learning_objective_code, topic_code) VALUES (27, 27, 'A14');
INSERT INTO fams.syllabus_object (id, learning_objective_code, topic_code) VALUES (28, 28, 'A14');
INSERT INTO fams.syllabus_object (id, learning_objective_code, topic_code) VALUES (29, 29, 'A15');
INSERT INTO fams.syllabus_object (id, learning_objective_code, topic_code) VALUES (30, 30, 'A15');
INSERT INTO fams.syllabus_object (id, learning_objective_code, topic_code) VALUES (31, 31, 'A16');
INSERT INTO fams.syllabus_object (id, learning_objective_code, topic_code) VALUES (32, 32, 'A16');
INSERT INTO fams.syllabus_object (id, learning_objective_code, topic_code) VALUES (33, 33, 'A17');
INSERT INTO fams.syllabus_object (id, learning_objective_code, topic_code) VALUES (34, 34, 'A17');
INSERT INTO fams.syllabus_object (id, learning_objective_code, topic_code) VALUES (35, 35, 'A18');
INSERT INTO fams.syllabus_object (id, learning_objective_code, topic_code) VALUES (36, 36, 'A18');
INSERT INTO fams.syllabus_object (id, learning_objective_code, topic_code) VALUES (37, 37, 'A19');
INSERT INTO fams.syllabus_object (id, learning_objective_code, topic_code) VALUES (38, 38, 'A19');
INSERT INTO fams.syllabus_object (id, learning_objective_code, topic_code) VALUES (39, 39, 'A20');
INSERT INTO fams.syllabus_object (id, learning_objective_code, topic_code) VALUES (40, 40, 'A20');
INSERT INTO fams.syllabus_object (id, learning_objective_code, topic_code) VALUES (41, 41, 'A21');
INSERT INTO fams.syllabus_object (id, learning_objective_code, topic_code) VALUES (42, 42, 'A21');
INSERT INTO fams.syllabus_object (id, learning_objective_code, topic_code) VALUES (43, 43, 'A22');
INSERT INTO fams.syllabus_object (id, learning_objective_code, topic_code) VALUES (44, 44, 'A22');
INSERT INTO fams.syllabus_object (id, learning_objective_code, topic_code) VALUES (45, 45, 'A23');
INSERT INTO fams.syllabus_object (id, learning_objective_code, topic_code) VALUES (46, 46, 'A23');
INSERT INTO fams.syllabus_object (id, learning_objective_code, topic_code) VALUES (47, 47, 'A24');
INSERT INTO fams.syllabus_object (id, learning_objective_code, topic_code) VALUES (48, 48, 'A24');
INSERT INTO fams.syllabus_object (id, learning_objective_code, topic_code) VALUES (49, 49, 'A25');
INSERT INTO fams.syllabus_object (id, learning_objective_code, topic_code) VALUES (50, 50, 'A25');
INSERT INTO fams.syllabus_object (id, learning_objective_code, topic_code) VALUES (51, 51, 'A26');
INSERT INTO fams.syllabus_object (id, learning_objective_code, topic_code) VALUES (52, 52, 'A26');
INSERT INTO fams.syllabus_object (id, learning_objective_code, topic_code) VALUES (53, 53, 'A27');
INSERT INTO fams.syllabus_object (id, learning_objective_code, topic_code) VALUES (54, 54, 'A27');
INSERT INTO fams.syllabus_object (id, learning_objective_code, topic_code) VALUES (55, 55, 'A28');
INSERT INTO fams.syllabus_object (id, learning_objective_code, topic_code) VALUES (56, 56, 'A28');
INSERT INTO fams.syllabus_object (id, learning_objective_code, topic_code) VALUES (57, 57, 'A29');
INSERT INTO fams.syllabus_object (id, learning_objective_code, topic_code) VALUES (58, 58, 'A29');
INSERT INTO fams.syllabus_object (id, learning_objective_code, topic_code) VALUES (59, 59, 'A30');
INSERT INTO fams.syllabus_object (id, learning_objective_code, topic_code) VALUES (60, 60, 'A30');
INSERT INTO fams.syllabus_object (id, learning_objective_code, topic_code) VALUES (61, 61, 'A31');
INSERT INTO fams.syllabus_object (id, learning_objective_code, topic_code) VALUES (62, 62, 'A31');
INSERT INTO fams.syllabus_object (id, learning_objective_code, topic_code) VALUES (63, 63, 'A32');
INSERT INTO fams.syllabus_object (id, learning_objective_code, topic_code) VALUES (64, 64, 'A32');
INSERT INTO fams.syllabus_object (id, learning_objective_code, topic_code) VALUES (65, 65, 'A33');
INSERT INTO fams.syllabus_object (id, learning_objective_code, topic_code) VALUES (66, 66, 'A33');
INSERT INTO fams.syllabus_object (id, learning_objective_code, topic_code) VALUES (67, 67, 'A34');
INSERT INTO fams.syllabus_object (id, learning_objective_code, topic_code) VALUES (68, 68, 'A34');
INSERT INTO fams.syllabus_object (id, learning_objective_code, topic_code) VALUES (69, 69, 'A35');
INSERT INTO fams.syllabus_object (id, learning_objective_code, topic_code) VALUES (70, 70, 'A35');
INSERT INTO fams.syllabus_object (id, learning_objective_code, topic_code) VALUES (71, 71, 'A36');
INSERT INTO fams.syllabus_object (id, learning_objective_code, topic_code) VALUES (72, 72, 'A36');
INSERT INTO fams.syllabus_object (id, learning_objective_code, topic_code) VALUES (73, 73, 'A37');
INSERT INTO fams.syllabus_object (id, learning_objective_code, topic_code) VALUES (74, 74, 'A37');
INSERT INTO fams.syllabus_object (id, learning_objective_code, topic_code) VALUES (75, 75, 'A38');
INSERT INTO fams.syllabus_object (id, learning_objective_code, topic_code) VALUES (76, 76, 'A38');
INSERT INTO fams.syllabus_object (id, learning_objective_code, topic_code) VALUES (77, 77, 'A39');
INSERT INTO fams.syllabus_object (id, learning_objective_code, topic_code) VALUES (78, 78, 'A39');
INSERT INTO fams.syllabus_object (id, learning_objective_code, topic_code) VALUES (79, 79, 'A40');
INSERT INTO fams.syllabus_object (id, learning_objective_code, topic_code) VALUES (80, 80, 'A40');
INSERT INTO fams.syllabus_object (id, learning_objective_code, topic_code) VALUES (81, 81, 'A41');
INSERT INTO fams.syllabus_object (id, learning_objective_code, topic_code) VALUES (82, 82, 'A41');
INSERT INTO fams.syllabus_object (id, learning_objective_code, topic_code) VALUES (83, 83, 'A42');
INSERT INTO fams.syllabus_object (id, learning_objective_code, topic_code) VALUES (84, 84, 'A42');
INSERT INTO fams.syllabus_object (id, learning_objective_code, topic_code) VALUES (85, 85, 'A43');
INSERT INTO fams.syllabus_object (id, learning_objective_code, topic_code) VALUES (86, 86, 'A43');
INSERT INTO fams.syllabus_object (id, learning_objective_code, topic_code) VALUES (87, 87, 'A44');
INSERT INTO fams.syllabus_object (id, learning_objective_code, topic_code) VALUES (88, 88, 'A44');
INSERT INTO fams.syllabus_object (id, learning_objective_code, topic_code) VALUES (89, 89, 'A45');
INSERT INTO fams.syllabus_object (id, learning_objective_code, topic_code) VALUES (90, 90, 'A45');
INSERT INTO fams.syllabus_object (id, learning_objective_code, topic_code) VALUES (91, 91, 'A46');
INSERT INTO fams.syllabus_object (id, learning_objective_code, topic_code) VALUES (92, 92, 'A46');
INSERT INTO fams.syllabus_object (id, learning_objective_code, topic_code) VALUES (93, 93, 'A47');
INSERT INTO fams.syllabus_object (id, learning_objective_code, topic_code) VALUES (94, 94, 'A47');
INSERT INTO fams.syllabus_object (id, learning_objective_code, topic_code) VALUES (95, 95, 'A48');
INSERT INTO fams.syllabus_object (id, learning_objective_code, topic_code) VALUES (96, 96, 'A48');
INSERT INTO fams.syllabus_object (id, learning_objective_code, topic_code) VALUES (97, 97, 'A49');
INSERT INTO fams.syllabus_object (id, learning_objective_code, topic_code) VALUES (98, 98, 'A49');
INSERT INTO fams.syllabus_object (id, learning_objective_code, topic_code) VALUES (99, 99, 'A50');
INSERT INTO fams.syllabus_object (id, learning_objective_code, topic_code) VALUES (100, 100, 'A50');
INSERT INTO fams.syllabus_object (id, learning_objective_code, topic_code) VALUES (101, 101, 'A51');
INSERT INTO fams.syllabus_object (id, learning_objective_code, topic_code) VALUES (102, 102, 'A51');
INSERT INTO fams.syllabus_object (id, learning_objective_code, topic_code) VALUES (103, 103, 'A52');
INSERT INTO fams.syllabus_object (id, learning_objective_code, topic_code) VALUES (104, 104, 'A52');
INSERT INTO fams.syllabus_object (id, learning_objective_code, topic_code) VALUES (105, 105, 'A53');
INSERT INTO fams.syllabus_object (id, learning_objective_code, topic_code) VALUES (106, 106, 'A53');
INSERT INTO fams.syllabus_object (id, learning_objective_code, topic_code) VALUES (107, 107, 'A54');
INSERT INTO fams.syllabus_object (id, learning_objective_code, topic_code) VALUES (108, 108, 'A54');
INSERT INTO fams.syllabus_object (id, learning_objective_code, topic_code) VALUES (109, 109, 'A55');
INSERT INTO fams.syllabus_object (id, learning_objective_code, topic_code) VALUES (110, 110, 'A55');
INSERT INTO fams.syllabus_object (id, learning_objective_code, topic_code) VALUES (111, 111, 'A56');
INSERT INTO fams.syllabus_object (id, learning_objective_code, topic_code) VALUES (112, 112, 'A56');
INSERT INTO fams.syllabus_object (id, learning_objective_code, topic_code) VALUES (113, 113, 'A57');
INSERT INTO fams.syllabus_object (id, learning_objective_code, topic_code) VALUES (114, 114, 'A57');
INSERT INTO fams.syllabus_object (id, learning_objective_code, topic_code) VALUES (115, 115, 'A58');
INSERT INTO fams.syllabus_object (id, learning_objective_code, topic_code) VALUES (116, 116, 'A58');
INSERT INTO fams.syllabus_object (id, learning_objective_code, topic_code) VALUES (117, 117, 'A59');
INSERT INTO fams.syllabus_object (id, learning_objective_code, topic_code) VALUES (118, 118, 'A59');
INSERT INTO fams.syllabus_object (id, learning_objective_code, topic_code) VALUES (119, 119, 'A60');
INSERT INTO fams.syllabus_object (id, learning_objective_code, topic_code) VALUES (120, 120, 'A60');
INSERT INTO fams.syllabus_object (id, learning_objective_code, topic_code) VALUES (121, 121, 'A61');
INSERT INTO fams.syllabus_object (id, learning_objective_code, topic_code) VALUES (122, 122, 'A61');
INSERT INTO fams.syllabus_object (id, learning_objective_code, topic_code) VALUES (123, 123, 'A62');
INSERT INTO fams.syllabus_object (id, learning_objective_code, topic_code) VALUES (124, 124, 'A62');
INSERT INTO fams.syllabus_object (id, learning_objective_code, topic_code) VALUES (125, 125, 'A63');
INSERT INTO fams.syllabus_object (id, learning_objective_code, topic_code) VALUES (126, 126, 'A63');
INSERT INTO fams.syllabus_object (id, learning_objective_code, topic_code) VALUES (127, 127, 'A64');
INSERT INTO fams.syllabus_object (id, learning_objective_code, topic_code) VALUES (128, 128, 'A64');
INSERT INTO fams.syllabus_object (id, learning_objective_code, topic_code) VALUES (129, 129, 'A65');
INSERT INTO fams.syllabus_object (id, learning_objective_code, topic_code) VALUES (130, 130, 'A65');
INSERT INTO fams.syllabus_object (id, learning_objective_code, topic_code) VALUES (131, 131, 'A66');
INSERT INTO fams.syllabus_object (id, learning_objective_code, topic_code) VALUES (132, 132, 'A66');
INSERT INTO fams.syllabus_object (id, learning_objective_code, topic_code) VALUES (133, 133, 'A66');
INSERT INTO fams.syllabus_object (id, learning_objective_code, topic_code) VALUES (134, 134, 'A67');
INSERT INTO fams.syllabus_object (id, learning_objective_code, topic_code) VALUES (135, 135, 'A67');
INSERT INTO fams.syllabus_object (id, learning_objective_code, topic_code) VALUES (136, 136, 'A67');
INSERT INTO fams.syllabus_object (id, learning_objective_code, topic_code) VALUES (137, 137, 'A67');
INSERT INTO fams.syllabus_object (id, learning_objective_code, topic_code) VALUES (138, 138, 'A67');
INSERT INTO fams.syllabus_object (id, learning_objective_code, topic_code) VALUES (139, 139, 'A67');
INSERT INTO fams.syllabus_object (id, learning_objective_code, topic_code) VALUES (140, 140, 'A68');
INSERT INTO fams.syllabus_object (id, learning_objective_code, topic_code) VALUES (141, 141, 'A68');
INSERT INTO fams.syllabus_object (id, learning_objective_code, topic_code) VALUES (142, 142, 'A69');
INSERT INTO fams.syllabus_object (id, learning_objective_code, topic_code) VALUES (143, 143, 'A69');
INSERT INTO fams.syllabus_object (id, learning_objective_code, topic_code) VALUES (144, 144, 'A70');
INSERT INTO fams.syllabus_object (id, learning_objective_code, topic_code) VALUES (145, 145, 'A70');




# training program
INSERT INTO fams.training_program (training_code, creation_date, last_modified_date, duration, name, start_time, status, create_by, modify_by, user_id) VALUES (4, '2023-03-06', '2023-12-14', 16, 'SkillSprint', '2023-11-19', 'INACTIVE', 1, 1, 1);
INSERT INTO fams.training_program (training_code, creation_date, last_modified_date, duration, name, start_time, status, create_by, modify_by, user_id) VALUES (6, '2023-09-08', '2023-12-12', 22, 'CodeCrafting', '2023-11-22', 'ACTIVE', 1, 1, 1);
INSERT INTO fams.training_program (training_code, creation_date, last_modified_date, duration, name, start_time, status, create_by, modify_by, user_id) VALUES (8, '2023-08-14', '2023-12-04', 24, 'LearnLiftOff', '2023-11-24', 'ACTIVE', 1, 1, 1);
INSERT INTO fams.training_program (training_code, creation_date, last_modified_date, duration, name, start_time, status, create_by, modify_by, user_id) VALUES (9, '2023-09-24', '2023-12-12', 10, 'ProTrainer', '2023-11-16', 'ACTIVE', 1, 1, null);
INSERT INTO fams.training_program (training_code, creation_date, last_modified_date, duration, name, start_time, status, create_by, modify_by, user_id) VALUES (10, '2023-01-12', '2023-12-12', 0, 'SkillForge', '2023-11-16', 'ACTIVE', 1, 1, null);
INSERT INTO fams.training_program (training_code, creation_date, last_modified_date, duration, name, start_time, status, create_by, modify_by, user_id) VALUES (11, '2023-09-10', '2023-12-13', 32, 'TechTorch', '2023-11-16', 'ACTIVE', 1, 1, null);
INSERT INTO fams.training_program (training_code, creation_date, last_modified_date, duration, name, start_time, status, create_by, modify_by, user_id) VALUES (14, '2023-12-01', '2023-12-13', 17, 'TrainSwift', '2023-11-16', 'ACTIVE', 1, 1, null);
INSERT INTO fams.training_program (training_code, creation_date, last_modified_date, duration, name, start_time, status, create_by, modify_by, user_id) VALUES (15, '2023-03-06', '2023-12-13', 20, 'PeakSkills', '2023-11-16', 'INACTIVE', 1, 3, null);
INSERT INTO fams.training_program (training_code, creation_date, last_modified_date, duration, name, start_time, status, create_by, modify_by, user_id) VALUES (16, '2023-09-05', '2023-12-06', 18, 'EduPulse', '2023-11-16', 'INACTIVE', 3, 1, null);
INSERT INTO fams.training_program (training_code, creation_date, last_modified_date, duration, name, start_time, status, create_by, modify_by, user_id) VALUES (19, '2023-08-16', '2023-12-06', 18, 'MentorMax', '2023-11-16', 'INACTIVE', 4, 1, null);
INSERT INTO fams.training_program (training_code, creation_date, last_modified_date, duration, name, start_time, status, create_by, modify_by, user_id) VALUES (22, '2023-08-22', '2023-12-07', 11, 'ApexLearn', '2023-11-16', 'INACTIVE', 1, 1, null);
INSERT INTO fams.training_program (training_code, creation_date, last_modified_date, duration, name, start_time, status, create_by, modify_by, user_id) VALUES (23, '2023-08-18', '2023-12-08', 0, 'IQIgnite', '2023-11-19', 'DRAFTING', 1, 1, null);
INSERT INTO fams.training_program (training_code, creation_date, last_modified_date, duration, name, start_time, status, create_by, modify_by, user_id) VALUES (24, '2023-01-01', '2023-12-08', 10, 'BoostCamp', '2023-11-22', 'INACTIVE', 1, 1, null);
INSERT INTO fams.training_program (training_code, creation_date, last_modified_date, duration, name, start_time, status, create_by, modify_by, user_id) VALUES (25, '2023-12-30', '2023-12-08', 10, 'AgileAid', '2023-11-24', 'INACTIVE', 1, 1, null);
INSERT INTO fams.training_program (training_code, creation_date, last_modified_date, duration, name, start_time, status, create_by, modify_by, user_id) VALUES (26, '2023-08-07', '2023-12-08', 10, 'QuickSkills', '2023-11-16', 'INACTIVE', 1, 1, null);
INSERT INTO fams.training_program (training_code, creation_date, last_modified_date, duration, name, start_time, status, create_by, modify_by, user_id) VALUES (27, '2023-06-03', '2023-12-08', 10, 'DevMinds', '2023-11-16', 'INACTIVE', 1, 1, null);
INSERT INTO fams.training_program (training_code, creation_date, last_modified_date, duration, name, start_time, status, create_by, modify_by, user_id) VALUES (28, '2023-11-23', '2023-12-08', 10, 'ByteBoost', '2023-11-16', 'INACTIVE', 1, 1, null);
INSERT INTO fams.training_program (training_code, creation_date, last_modified_date, duration, name, start_time, status, create_by, modify_by, user_id) VALUES (29, '2023-05-04', '2023-12-08', 10, 'XpertEdge', '2023-11-16', 'INACTIVE', 1, 1, null);
INSERT INTO fams.training_program (training_code, creation_date, last_modified_date, duration, name, start_time, status, create_by, modify_by, user_id) VALUES (30, '2023-07-21', '2023-12-08', 10, 'SparkLearn', '2023-11-16', 'INACTIVE', 1, 1, null);
INSERT INTO fams.training_program (training_code, creation_date, last_modified_date, duration, name, start_time, status, create_by, modify_by, user_id) VALUES (32, '2023-04-21', '2023-12-08', 10, 'QuantumIQ', '2023-11-16', 'INACTIVE', 1, 1, null);
INSERT INTO fams.training_program (training_code, creation_date, last_modified_date, duration, name, start_time, status, create_by, modify_by, user_id) VALUES (33, '2023-07-31', '2023-12-08', 10, 'SkillHub', '2023-11-16', 'INACTIVE', 1, 1, null);
INSERT INTO fams.training_program (training_code, creation_date, last_modified_date, duration, name, start_time, status, create_by, modify_by, user_id) VALUES (34, '2023-10-21', '2023-12-08', 10, 'CodeBlast', '2023-11-16', 'INACTIVE', 1, 1, null);
INSERT INTO fams.training_program (training_code, creation_date, last_modified_date, duration, name, start_time, status, create_by, modify_by, user_id) VALUES (36, '2023-07-01', '2023-12-08', 10, 'LearnVista', '2023-11-19', 'INACTIVE', 1, 1, null);
INSERT INTO fams.training_program (training_code, creation_date, last_modified_date, duration, name, start_time, status, create_by, modify_by, user_id) VALUES (37, '2023-01-25', '2023-12-08', 10, 'SmartZoom', '2023-11-22', 'INACTIVE', 2, 2, null);
INSERT INTO fams.training_program (training_code, creation_date, last_modified_date, duration, name, start_time, status, create_by, modify_by, user_id) VALUES (38, '2023-01-15', '2023-12-08', 24, 'BrainFuel', '2023-11-24', 'INACTIVE', 2, 2, null);
INSERT INTO fams.training_program (training_code, creation_date, last_modified_date, duration, name, start_time, status, create_by, modify_by, user_id) VALUES (43, '2023-01-17', '2023-12-12', 17, 'EduPulseX', '2023-11-16', 'INACTIVE', null, null, null);
INSERT INTO fams.training_program (training_code, creation_date, last_modified_date, duration, name, start_time, status, create_by, modify_by, user_id) VALUES (44, '2023-11-05', '2023-12-13', 12, 'MentorMix', '2023-11-16', 'INACTIVE', 1, 1, null);
INSERT INTO fams.training_program (training_code, creation_date, last_modified_date, duration, name, start_time, status, create_by, modify_by, user_id) VALUES (45, '2023-07-05', '2023-12-13', 12, 'SparkByte', '2023-11-16', 'INACTIVE', 1, 1, null);
INSERT INTO fams.training_program (training_code, creation_date, last_modified_date, duration, name, start_time, status, create_by, modify_by, user_id) VALUES (46, '2023-07-05', '2023-12-13', 0, 'SwiftFlow', '2023-11-16', 'DRAFTING', 1, 1, null);
INSERT INTO fams.training_program (training_code, creation_date, last_modified_date, duration, name, start_time, status, create_by, modify_by, user_id) VALUES (47, '2023-06-30', '2023-12-13', 17, 'ProMinds', '2023-11-16', 'INACTIVE', 1, 1, null);
INSERT INTO fams.training_program (training_code, creation_date, last_modified_date, duration, name, start_time, status, create_by, modify_by, user_id) VALUES (48, '2023-08-18', '2023-12-13', 0, 'QuantumLab', '2023-11-16', 'INACTIVE', 1, 1, null);
INSERT INTO fams.training_program (training_code, creation_date, last_modified_date, duration, name, start_time, status, create_by, modify_by, user_id) VALUES (49, '2023-03-02', '2023-12-13', 4, 'EliteLearn', '2023-11-16', 'ACTIVE', 1, 3, null);
INSERT INTO fams.training_program (training_code, creation_date, last_modified_date, duration, name, start_time, status, create_by, modify_by, user_id) VALUES (50, '2023-08-21', '2023-12-13', 0, 'ByteBoostX', '2023-11-16', 'DRAFTING', 3, 3, null);
INSERT INTO fams.training_program (training_code, creation_date, last_modified_date, duration, name, start_time, status, create_by, modify_by, user_id) VALUES (51, '2023-04-01', '2023-12-13', 14, 'TrainIQX', '2023-11-16', 'INACTIVE', 3, 3, null);





# class room
INSERT INTO fams.class_room (class_id, creation_date, last_modified_date, class_code, class_name, class_status, class_time, duration, end_date, fsu, location, start_date, create_by, modify_by, training_code) VALUES (1, '2023-01-28', '2023-12-07', 'HCM_23_FR_null_00', 'NovaQuest', 'PLANING', 'MORNING', null, null, null, 'HCM', null, 1, 1, 43);
INSERT INTO fams.class_room (class_id, creation_date, last_modified_date, class_code, class_name, class_status, class_time, duration, end_date, fsu, location, start_date, create_by, modify_by, training_code) VALUES (2, '2023-01-20', '2023-12-07', 'HN_23_IN_null_00', 'ZenithPod', 'SCHEDULED', 'NIGHT', null, null, null, 'HCM', null, 1, 1, null);
INSERT INTO fams.class_room (class_id, creation_date, last_modified_date, class_code, class_name, class_status, class_time, duration, end_date, fsu, location, start_date, create_by, modify_by, training_code) VALUES (3, '2023-07-05', '2023-12-08', 'HCM_23_FR_null_00', 'FluxElite', 'OPENING', 'NOON', null, null, null, 'HN', null, 1, 1, null);
INSERT INTO fams.class_room (class_id, creation_date, last_modified_date, class_code, class_name, class_status, class_time, duration, end_date, fsu, location, start_date, create_by, modify_by, training_code) VALUES (4, '2023-02-02', null, 'HCM_23_FR_null_01', 'AxisClass', 'PLANING', 'NOON', null, null, null, 'HCM', null, null, null, null);
INSERT INTO fams.class_room (class_id, creation_date, last_modified_date, class_code, class_name, class_status, class_time, duration, end_date, fsu, location, start_date, create_by, modify_by, training_code) VALUES (5, '2023-12-10', null, 'HN_23_IN_null_02', 'EchoLearn', 'SCHEDULED', 'MORNING', null, null, null, 'HCM', null, null, null, null);
INSERT INTO fams.class_room (class_id, creation_date, last_modified_date, class_code, class_name, class_status, class_time, duration, end_date, fsu, location, start_date, create_by, modify_by, training_code) VALUES (6, '2023-08-19', null, 'HCM_23_FR_null_03', 'AdeptX', 'OPENING', 'NIGHT', null, null, null, 'HN', null, null, null, null);
INSERT INTO fams.class_room (class_id, creation_date, last_modified_date, class_code, class_name, class_status, class_time, duration, end_date, fsu, location, start_date, create_by, modify_by, training_code) VALUES (7, '2023-11-16', null, 'HCM_23_FR_null_04', 'ZenMind', 'PLANING', 'MORNING', null, null, null, 'HUE', null, null, null, null);
INSERT INTO fams.class_room (class_id, creation_date, last_modified_date, class_code, class_name, class_status, class_time, duration, end_date, fsu, location, start_date, create_by, modify_by, training_code) VALUES (8, '2023-09-18', null, 'HN_23_IN_null_05', 'PulseCrew', 'SCHEDULED', 'MORNING', null, null, null, 'HCM', null, null, null, null);
INSERT INTO fams.class_room (class_id, creation_date, last_modified_date, class_code, class_name, class_status, class_time, duration, end_date, fsu, location, start_date, create_by, modify_by, training_code) VALUES (9, '2023-08-26', null, 'HCM_23_FR_null_06', 'VertexEdu', 'OPENING', 'NIGHT', null, null, null, 'DN', null, null, null, null);
INSERT INTO fams.class_room (class_id, creation_date, last_modified_date, class_code, class_name, class_status, class_time, duration, end_date, fsu, location, start_date, create_by, modify_by, training_code) VALUES (10, '2023-11-18', '2023-12-07', 'HCM_23_FR_null_00', 'ZestIQ', 'PLANING', 'MORNING', null, null, null, 'HN', null, 1, 1, null);
INSERT INTO fams.class_room (class_id, creation_date, last_modified_date, class_code, class_name, class_status, class_time, duration, end_date, fsu, location, start_date, create_by, modify_by, training_code) VALUES (11, '2023-11-10', '2023-12-07', 'HN_23_IN_null_00', 'MindMasters', 'SCHEDULED', 'NIGHT', null, null, null, 'HUE', null, 1, 1, null);
INSERT INTO fams.class_room (class_id, creation_date, last_modified_date, class_code, class_name, class_status, class_time, duration, end_date, fsu, location, start_date, create_by, modify_by, training_code) VALUES (12, '2023-05-05', '2023-12-08', 'HCM_23_FR_null_00', 'QuestClass', 'OPENING', 'NOON', null, null, null, 'HCM', null, 1, 1, null);
INSERT INTO fams.class_room (class_id, creation_date, last_modified_date, class_code, class_name, class_status, class_time, duration, end_date, fsu, location, start_date, create_by, modify_by, training_code) VALUES (13, '2023-09-18', null, 'HCM_23_FR_null_01', 'ZenithX', 'PLANING', 'NOON', null, null, null, 'DN', null, null, null, null);
INSERT INTO fams.class_room (class_id, creation_date, last_modified_date, class_code, class_name, class_status, class_time, duration, end_date, fsu, location, start_date, create_by, modify_by, training_code) VALUES (14, '2023-01-30', null, 'HN_23_IN_null_02', 'NucleusLearn', 'SCHEDULED', 'MORNING', null, null, null, 'DN', null, null, null, null);
INSERT INTO fams.class_room (class_id, creation_date, last_modified_date, class_code, class_name, class_status, class_time, duration, end_date, fsu, location, start_date, create_by, modify_by, training_code) VALUES (15, '2023-04-30', null, 'HCM_23_FR_null_03', 'SwiftIQ', 'OPENING', 'NIGHT', null, null, null, 'HN', null, null, null, null);
INSERT INTO fams.class_room (class_id, creation_date, last_modified_date, class_code, class_name, class_status, class_time, duration, end_date, fsu, location, start_date, create_by, modify_by, training_code) VALUES (16, '2023-09-10', null, 'HCM_23_FR_null_04', 'EnigmaEdu', 'PLANING', 'MORNING', null, null, null, 'HUE', null, null, null, null);
INSERT INTO fams.class_room (class_id, creation_date, last_modified_date, class_code, class_name, class_status, class_time, duration, end_date, fsu, location, start_date, create_by, modify_by, training_code) VALUES (17, '2023-10-31', null, 'HN_23_IN_null_05', 'ApexClass', 'SCHEDULED', 'MORNING', null, null, null, 'HCM', null, null, null, null);
INSERT INTO fams.class_room (class_id, creation_date, last_modified_date, class_code, class_name, class_status, class_time, duration, end_date, fsu, location, start_date, create_by, modify_by, training_code) VALUES (18, '2023-06-16', null, 'HCM_23_FR_null_06', 'InsightX', 'OPENING', 'NIGHT', null, null, null, 'HCM', null, null, null, null);
INSERT INTO fams.class_room (class_id, creation_date, last_modified_date, class_code, class_name, class_status, class_time, duration, end_date, fsu, location, start_date, create_by, modify_by, training_code) VALUES (19, '2023-03-31', '2023-12-07', 'HCM_23_FR_null_00', 'NovaCrew', 'PLANING', 'MORNING', null, null, null, 'DN', null, 1, 1, null);
INSERT INTO fams.class_room (class_id, creation_date, last_modified_date, class_code, class_name, class_status, class_time, duration, end_date, fsu, location, start_date, create_by, modify_by, training_code) VALUES (20, '2023-06-24', '2023-12-07', 'HN_23_IN_null_00', 'PulseHub', 'SCHEDULED', 'NIGHT', null, null, null, 'HN', null, 1, 1, null);
INSERT INTO fams.class_room (class_id, creation_date, last_modified_date, class_code, class_name, class_status, class_time, duration, end_date, fsu, location, start_date, create_by, modify_by, training_code) VALUES (21, '2023-07-01', '2023-12-08', 'HCM_23_FR_null_00', 'VortexClass', 'OPENING', 'NOON', null, null, null, 'HN', null, 1, 1, null);
INSERT INTO fams.class_room (class_id, creation_date, last_modified_date, class_code, class_name, class_status, class_time, duration, end_date, fsu, location, start_date, create_by, modify_by, training_code) VALUES (22, '2023-04-05', null, 'HCM_23_FR_null_01', 'SwiftByte', 'PLANING', 'NOON', null, null, null, 'HUE', null, null, null, null);
INSERT INTO fams.class_room (class_id, creation_date, last_modified_date, class_code, class_name, class_status, class_time, duration, end_date, fsu, location, start_date, create_by, modify_by, training_code) VALUES (23, '2023-10-24', null, 'HN_23_IN_null_02', 'ZenithIQ', 'SCHEDULED', 'MORNING', null, null, null, 'HCM', null, null, null, null);
INSERT INTO fams.class_room (class_id, creation_date, last_modified_date, class_code, class_name, class_status, class_time, duration, end_date, fsu, location, start_date, create_by, modify_by, training_code) VALUES (24, '2023-10-21', null, 'HCM_23_FR_null_03', 'FluxLearn', 'OPENING', 'NIGHT', null, null, null, 'DN', null, null, null, null);
INSERT INTO fams.class_room (class_id, creation_date, last_modified_date, class_code, class_name, class_status, class_time, duration, end_date, fsu, location, start_date, create_by, modify_by, training_code) VALUES (25, '2023-08-25', null, 'HCM_23_FR_null_04', 'OrbitMind', 'PLANING', 'MORNING', null, null, null, 'HN', null, null, null, null);
INSERT INTO fams.class_room (class_id, creation_date, last_modified_date, class_code, class_name, class_status, class_time, duration, end_date, fsu, location, start_date, create_by, modify_by, training_code) VALUES (26, '2023-03-25', null, 'HN_23_IN_null_05', 'ProQuot', 'SCHEDULED', 'MORNING', null, null, null, 'HUE', null, null, null, null);
INSERT INTO fams.class_room (class_id, creation_date, last_modified_date, class_code, class_name, class_status, class_time, duration, end_date, fsu, location, start_date, create_by, modify_by, training_code) VALUES (27, '2023-02-17', null, 'HCM_23_FR_null_06', 'NexusEdu', 'OPENING', 'NIGHT', null, null, null, 'HCM', null, null, null, null);
INSERT INTO fams.class_room (class_id, creation_date, last_modified_date, class_code, class_name, class_status, class_time, duration, end_date, fsu, location, start_date, create_by, modify_by, training_code) VALUES (28, '2023-02-17', '2023-12-12', '_23_IN_null_00', 'SyncClass', 'OPENING', 'NIGHT', null, null, null, 'DN', null, 3, 3, null);
INSERT INTO fams.class_room (class_id, creation_date, last_modified_date, class_code, class_name, class_status, class_time, duration, end_date, fsu, location, start_date, create_by, modify_by, training_code) VALUES (29, '2023-11-04', '2023-12-12', '_23_IN_null_00', 'PinnacleX', 'PLANING', 'MORNING', null, null, null, 'DN', null, 3, 3, null);
INSERT INTO fams.class_room (class_id, creation_date, last_modified_date, class_code, class_name, class_status, class_time, duration, end_date, fsu, location, start_date, create_by, modify_by, training_code) VALUES (30, '2023-06-19', '2023-12-13', '_23_IN_null_00', 'VividCrew', 'SCHEDULED', 'MORNING', null, null, null, 'HN', null, 1, 1, null);
INSERT INTO fams.class_room (class_id, creation_date, last_modified_date, class_code, class_name, class_status, class_time, duration, end_date, fsu, location, start_date, create_by, modify_by, training_code) VALUES (31, '2023-09-28', '2023-12-13', 'HCM_23_IN_null_00', 'QuestVibe', 'OPENING', 'NIGHT', null, null, null, 'HUE', null, 1, 1, null);
INSERT INTO fams.class_room (class_id, creation_date, last_modified_date, class_code, class_name, class_status, class_time, duration, end_date, fsu, location, start_date, create_by, modify_by, training_code) VALUES (32, '2023-02-11', '2023-12-13', '_23_IN_null_00', 'SwiftElite', 'PLANING', 'MORNING', null, null, null, 'HCM', null, 1, 1, null);
INSERT INTO fams.class_room (class_id, creation_date, last_modified_date, class_code, class_name, class_status, class_time, duration, end_date, fsu, location, start_date, create_by, modify_by, training_code) VALUES (33, '2023-06-12', '2023-12-13', '_23_IN_25_01', 'NexusIQ', 'SCHEDULED', 'NIGHT', null, null, null, 'HCM', null, 1, 1, 25);
INSERT INTO fams.class_room (class_id, creation_date, last_modified_date, class_code, class_name, class_status, class_time, duration, end_date, fsu, location, start_date, create_by, modify_by, training_code) VALUES (34, '2023-10-03', '2023-12-13', '_23_IN_null_00', 'ZenPulse', 'OPENING', 'NOON', null, null, null, 'DN', null, 1, 1, null);
INSERT INTO fams.class_room (class_id, creation_date, last_modified_date, class_code, class_name, class_status, class_time, duration, end_date, fsu, location, start_date, create_by, modify_by, training_code) VALUES (35, '2023-06-09', '2023-12-14', '_23_IN_8_01', 'LumeClass', 'PLANING', 'NOON', null, null, null, 'HN', null, 1, 1, 8);
INSERT INTO fams.class_room (class_id, creation_date, last_modified_date, class_code, class_name, class_status, class_time, duration, end_date, fsu, location, start_date, create_by, modify_by, training_code) VALUES (36, '2023-02-27', '2023-12-14', '_23_IN_null_00', 'EchoMind', 'SCHEDULED', 'MORNING', null, null, null, 'HUE', null, 1, 1, null);
INSERT INTO fams.class_room (class_id, creation_date, last_modified_date, class_code, class_name, class_status, class_time, duration, end_date, fsu, location, start_date, create_by, modify_by, training_code) VALUES (37, '2023-11-02', '2023-12-14', '_23_IN_25_01', 'NovaVista', 'OPENING', 'NIGHT', null, null, null, 'DN', null, 1, 1, 25);
INSERT INTO fams.class_room (class_id, creation_date, last_modified_date, class_code, class_name, class_status, class_time, duration, end_date, fsu, location, start_date, create_by, modify_by, training_code) VALUES (38, '2023-02-24', '2023-12-14', '_23_IN_4_01', 'VortexX', 'PLANING', 'MORNING', null, null, null, 'HCM', null, 1, 1, 4);
INSERT INTO fams.class_room (class_id, creation_date, last_modified_date, class_code, class_name, class_status, class_time, duration, end_date, fsu, location, start_date, create_by, modify_by, training_code) VALUES (39, '2023-12-14', '2023-12-14', 'HCM_23_FR_9_01', 'DevOps', null, null, null, null, null, 'HCM', null, 1, 1, 9);




