-- --------------------------------------------------------
-- Host:                         127.0.0.1
-- Server version:               8.0.30 - MySQL Community Server - GPL
-- Server OS:                    Win64
-- HeidiSQL Version:             12.1.0.6537
-- --------------------------------------------------------

/*!40101 SET @OLD_CHARACTER_SET_CLIENT=@@CHARACTER_SET_CLIENT */;
/*!40101 SET NAMES utf8 */;
/*!50503 SET NAMES utf8mb4 */;
/*!40103 SET @OLD_TIME_ZONE=@@TIME_ZONE */;
/*!40103 SET TIME_ZONE='+00:00' */;
/*!40014 SET @OLD_FOREIGN_KEY_CHECKS=@@FOREIGN_KEY_CHECKS, FOREIGN_KEY_CHECKS=0 */;
/*!40101 SET @OLD_SQL_MODE=@@SQL_MODE, SQL_MODE='NO_AUTO_VALUE_ON_ZERO' */;
/*!40111 SET @OLD_SQL_NOTES=@@SQL_NOTES, SQL_NOTES=0 */;

-- Dumping data for table fams.class_room: ~39 rows (approximately)
REPLACE INTO `class_room` (`class_id`, `creation_date`, `last_modified_date`, `class_code`, `class_name`, `class_status`, `class_time`, `duration`, `end_date`, `fsu`, `location`, `start_date`, `create_by`, `modify_by`, `training_code`) VALUES
	(1, '2023-01-28', '2023-12-07', 'HCM_23_FR_null_00', 'NovaQuest', 'PLANING', 'MORNING', NULL, NULL, NULL, 'HCM', NULL, 1, 1, 43),
	(2, '2023-01-20', '2023-12-07', 'HN_23_IN_null_00', 'ZenithPod', 'SCHEDULED', 'NIGHT', NULL, NULL, NULL, 'HCM', NULL, 1, 1, NULL),
	(3, '2023-07-05', '2023-12-08', 'HCM_23_FR_null_00', 'FluxElite', 'OPENING', 'NOON', NULL, NULL, NULL, 'HN', NULL, 1, 1, NULL),
	(4, '2023-02-02', NULL, 'HCM_23_FR_null_01', 'AxisClass', 'PLANING', 'NOON', NULL, NULL, NULL, 'HCM', NULL, NULL, NULL, NULL),
	(5, '2023-12-10', NULL, 'HN_23_IN_null_02', 'EchoLearn', 'SCHEDULED', 'MORNING', NULL, NULL, NULL, 'HCM', NULL, NULL, NULL, NULL),
	(6, '2023-08-19', NULL, 'HCM_23_FR_null_03', 'AdeptX', 'OPENING', 'NIGHT', NULL, NULL, NULL, 'HN', NULL, NULL, NULL, NULL),
	(7, '2023-11-16', NULL, 'HCM_23_FR_null_04', 'ZenMind', 'PLANING', 'MORNING', NULL, NULL, NULL, 'HUE', NULL, NULL, NULL, NULL),
	(8, '2023-09-18', NULL, 'HN_23_IN_null_05', 'PulseCrew', 'SCHEDULED', 'MORNING', NULL, NULL, NULL, 'HCM', NULL, NULL, NULL, NULL),
	(9, '2023-08-26', NULL, 'HCM_23_FR_null_06', 'VertexEdu', 'OPENING', 'NIGHT', NULL, NULL, NULL, 'DN', NULL, NULL, NULL, NULL),
	(10, '2023-11-18', '2023-12-07', 'HCM_23_FR_null_00', 'ZestIQ', 'PLANING', 'MORNING', NULL, NULL, NULL, 'HN', NULL, 1, 1, NULL),
	(11, '2023-11-10', '2023-12-07', 'HN_23_IN_null_00', 'MindMasters', 'SCHEDULED', 'NIGHT', NULL, NULL, NULL, 'HUE', NULL, 1, 1, NULL),
	(12, '2023-05-05', '2023-12-08', 'HCM_23_FR_null_00', 'QuestClass', 'OPENING', 'NOON', NULL, NULL, NULL, 'HCM', NULL, 1, 1, NULL),
	(13, '2023-09-18', NULL, 'HCM_23_FR_null_01', 'ZenithX', 'PLANING', 'NOON', NULL, NULL, NULL, 'DN', NULL, NULL, NULL, NULL),
	(14, '2023-01-30', NULL, 'HN_23_IN_null_02', 'NucleusLearn', 'SCHEDULED', 'MORNING', NULL, NULL, NULL, 'DN', NULL, NULL, NULL, NULL),
	(15, '2023-04-30', NULL, 'HCM_23_FR_null_03', 'SwiftIQ', 'OPENING', 'NIGHT', NULL, NULL, NULL, 'HN', NULL, NULL, NULL, NULL),
	(16, '2023-09-10', NULL, 'HCM_23_FR_null_04', 'EnigmaEdu', 'PLANING', 'MORNING', NULL, NULL, NULL, 'HUE', NULL, NULL, NULL, NULL),
	(17, '2023-10-31', NULL, 'HN_23_IN_null_05', 'ApexClass', 'SCHEDULED', 'MORNING', NULL, NULL, NULL, 'HCM', NULL, NULL, NULL, NULL),
	(18, '2023-06-16', NULL, 'HCM_23_FR_null_06', 'InsightX', 'OPENING', 'NIGHT', NULL, NULL, NULL, 'HCM', NULL, NULL, NULL, NULL),
	(19, '2023-03-31', '2023-12-07', 'HCM_23_FR_null_00', 'NovaCrew', 'PLANING', 'MORNING', NULL, NULL, NULL, 'DN', NULL, 1, 1, NULL),
	(20, '2023-06-24', '2023-12-07', 'HN_23_IN_null_00', 'PulseHub', 'SCHEDULED', 'NIGHT', NULL, NULL, NULL, 'HN', NULL, 1, 1, NULL),
	(21, '2023-07-01', '2023-12-08', 'HCM_23_FR_null_00', 'VortexClass', 'OPENING', 'NOON', NULL, NULL, NULL, 'HN', NULL, 1, 1, NULL),
	(22, '2023-04-05', NULL, 'HCM_23_FR_null_01', 'SwiftByte', 'PLANING', 'NOON', NULL, NULL, NULL, 'HUE', NULL, NULL, NULL, NULL),
	(23, '2023-10-24', NULL, 'HN_23_IN_null_02', 'ZenithIQ', 'SCHEDULED', 'MORNING', NULL, NULL, NULL, 'HCM', NULL, NULL, NULL, NULL),
	(24, '2023-10-21', NULL, 'HCM_23_FR_null_03', 'FluxLearn', 'OPENING', 'NIGHT', NULL, NULL, NULL, 'DN', NULL, NULL, NULL, NULL),
	(25, '2023-08-25', NULL, 'HCM_23_FR_null_04', 'OrbitMind', 'PLANING', 'MORNING', NULL, NULL, NULL, 'HN', NULL, NULL, NULL, NULL),
	(26, '2023-03-25', NULL, 'HN_23_IN_null_05', 'ProQuot', 'SCHEDULED', 'MORNING', NULL, NULL, NULL, 'HUE', NULL, NULL, NULL, NULL),
	(27, '2023-02-17', NULL, 'HCM_23_FR_null_06', 'NexusEdu', 'OPENING', 'NIGHT', NULL, NULL, NULL, 'HCM', NULL, NULL, NULL, NULL),
	(28, '2023-02-17', '2023-12-12', '_23_IN_null_00', 'SyncClass', 'OPENING', 'NIGHT', NULL, NULL, NULL, 'DN', NULL, 3, 3, NULL),
	(29, '2023-11-04', '2023-12-12', '_23_IN_null_00', 'PinnacleX', 'PLANING', 'MORNING', NULL, NULL, NULL, 'DN', NULL, 3, 3, NULL),
	(30, '2023-06-19', '2023-12-13', '_23_IN_null_00', 'VividCrew', 'SCHEDULED', 'MORNING', NULL, NULL, NULL, 'HN', NULL, 1, 1, NULL),
	(31, '2023-09-28', '2023-12-13', 'HCM_23_IN_null_00', 'QuestVibe', 'OPENING', 'NIGHT', NULL, NULL, NULL, 'HUE', NULL, 1, 1, NULL),
	(32, '2023-02-11', '2023-12-13', '_23_IN_null_00', 'SwiftElite', 'PLANING', 'MORNING', NULL, NULL, NULL, 'HCM', NULL, 1, 1, NULL),
	(33, '2023-06-12', '2023-12-13', '_23_IN_25_01', 'NexusIQ', 'SCHEDULED', 'NIGHT', NULL, NULL, NULL, 'HCM', NULL, 1, 1, 25),
	(34, '2023-10-03', '2023-12-13', '_23_IN_null_00', 'ZenPulse', 'OPENING', 'NOON', NULL, NULL, NULL, 'DN', NULL, 1, 1, NULL),
	(35, '2023-06-09', '2023-12-14', '_23_IN_8_01', 'LumeClass', 'PLANING', 'NOON', NULL, NULL, NULL, 'HN', NULL, 1, 1, 8),
	(36, '2023-02-27', '2023-12-14', '_23_IN_null_00', 'EchoMind', 'SCHEDULED', 'MORNING', NULL, NULL, NULL, 'HUE', NULL, 1, 1, NULL),
	(37, '2023-11-02', '2023-12-14', '_23_IN_25_01', 'NovaVista', 'OPENING', 'NIGHT', NULL, NULL, NULL, 'DN', NULL, 1, 1, 25),
	(38, '2023-02-24', '2023-12-14', '_23_IN_4_01', 'VortexX', 'PLANING', 'MORNING', NULL, NULL, NULL, 'HCM', NULL, 1, 1, 4),
	(39, '2023-12-14', '2023-12-14', 'HCM_23_FR_9_01', 'DevOps', NULL, NULL, NULL, NULL, NULL, 'HCM', NULL, 1, 1, 9);

-- Dumping data for table fams.class_user: ~15 rows (approximately)
REPLACE INTO `class_user` (`class_user_id`, `user_type`, `class_id`) VALUES
	(1, 'FR', 1),
	(2, 'IN', 2),
	(3, 'FR', 3),
	(4, 'IN', 28),
	(5, 'IN', 29),
	(6, 'IN', 30),
	(7, 'IN', 31),
	(8, 'IN', 32),
	(9, 'IN', 33),
	(10, 'IN', 34),
	(11, 'IN', 35),
	(12, 'IN', 36),
	(13, 'IN', 37),
	(14, 'IN', 38),
	(15, 'FR', 39);

-- Dumping data for table fams.fsu: ~3 rows (approximately)
REPLACE INTO `fsu` (`id`, `name`) VALUES
	(1, 'FHAM'),
	(2, 'FSU'),
	(3, 'FSA');

-- Dumping data for table fams.learning_objective: ~145 rows (approximately)
REPLACE INTO `learning_objective` (`learning_objective_code`, `description`, `name`, `type`, `traning_content_id`) VALUES
	(1, 'Understand the fundamentals of programming languages', 'Fundamentals', 'ABCD', 1),
	(2, 'Apply theoretical knowledge through coding practice', 'Coding Practice', 'EFGH', 2),
	(3, 'Learn effective content creation techniques', 'Content Creation', 'IJKL', 3),
	(4, 'Explore strategies for content distribution', 'Distribution Strategies', 'MNOP', 4),
	(5, 'Understand various financial risks', 'Risk Understanding', 'QRST', 5),
	(6, 'Learn strategies to mitigate financial risks', 'Mitigation Strategies', 'UVWX', 6),
	(7, 'Understand the basics of telemedicine', 'Basics', 'YZAB', 7),
	(8, 'Implement telehealth solutions in healthcare', 'Implementation', 'CDEF', 8),
	(9, 'Understand the fundamentals of robotics', 'Fundamentals', 'GHIJ', 9),
	(10, 'Apply theoretical knowledge through robotics projects', 'Projects', 'KLMN', 10),
	(11, 'Understand color theory and its application in design', 'Color Theory', 'OPQR', 11),
	(12, 'Apply effective typography and layout design principles', 'Typography & Layout', 'STUV', 12),
	(13, 'Develop engaging online learning activities', 'Engaging Activities', 'WXYZ', 13),
	(14, 'Utilize multimedia effectively in online teaching', 'Multimedia Usage', 'ABCD', 14),
	(15, 'Understand different leadership styles and their impact', 'Leadership Styles', 'EFGH', 15),
	(16, 'Develop strategies to motivate and engage employees', 'Motivation Strategies', 'IJKL', 16),
	(17, 'Understand the principles of sustainable business', 'Principles', 'MNOP', 17),
	(18, 'Implement eco-friendly initiatives in business', 'Green Initiatives', 'QRST', 18),
	(19, 'Understand common cybersecurity threats', 'Threat Understanding', 'UVWX', 19),
	(20, 'Implement secure practices to mitigate cybersecurity risks', 'Secure Practices', 'YZAB', 20),
	(21, 'Understand the basics of digital art creation', 'Basics', 'CDEF', 21),
	(22, 'Apply advanced digital illustration techniques', 'Advanced Techniques', 'GHIJ', 22),
	(23, 'Understand the basics of astronomy', 'Basics', 'KLMN', 23),
	(24, 'Develop observational techniques in space exploration', 'Observational Techniques', 'OPQR', 24),
	(25, 'Understand the nutritional needs of athletes', 'Nutritional Requirements', 'STUV', 25),
	(26, 'Enhance athletic performance through fitness training', 'Performance Enhancement', 'WXYZ', 26),
	(27, 'Understand the basics of culinary arts', 'Basics', 'ABCD', 27),
	(28, 'Apply culinary techniques through hands-on cooking', 'Hands-on Cooking', 'EFGH', 28),
	(29, 'Understand the basics of film production', 'Basics', 'IJKL', 29),
	(30, 'Apply advanced cinematography techniques', 'Advanced Techniques', 'MNOP', 30),
	(31, 'Understand the basics of artificial intelligence', 'Basics', 'QRST', 31),
	(32, 'Apply programming skills in AI development', 'Programming Skills', 'UVWX', 32),
	(33, 'Understand the basics of medical imaging', 'Basics', 'YZAB', 33),
	(34, 'Apply imaging technologies in medical settings', 'Practical Applications', 'CDEF', 34),
	(35, 'Learn effective budgeting and saving strategies', 'Budgeting and Saving', 'GHIJ', 35),
	(36, 'Understand investment options for young professionals', 'Investment Planning', 'KLMN', 36),
	(37, 'Develop interactive learning activities for STEM subjects', 'Interactive Learning', 'OPQR', 37),
	(38, 'Implement innovative teaching methods in STEM education', 'Implementation', 'STUV', 38),
	(39, 'Understand various renewable energy sources', 'Renewable Energy Sources', 'WXYZ', 39),
	(40, 'Apply knowledge through hands-on renewable energy projects', 'Hands-on Projects', 'ABCD', 40),
	(41, 'Understand the fundamental concepts of machine learning', 'Fundamental Concepts', 'EFGH', 41),
	(42, 'Apply machine learning in practical scenarios', 'Practical Applications', 'IJKL', 42),
	(43, 'Understand the science behind climate change', 'Climate Change Science', 'MNOP', 43),
	(44, 'Adopt sustainable practices in daily life', 'Sustainable Practices', 'QRST', 44),
	(45, 'Understand social media marketing techniques', 'Social Media Marketing', 'UVWX', 45),
	(46, 'Develop and launch successful online marketing campaigns', 'Online Campaigns', 'YZAB', 46),
	(47, 'Understand the principles of effective data visualization', 'Principles', 'CDEF', 47),
	(48, 'Develop interactive and informative data dashboards', 'Interactive Dashboards', 'GHIJ', 48),
	(49, 'Understand the basic principles of astrophysics', 'Fundamental Principles', 'KLMN', 49),
	(50, 'Explore cosmological theories and observations', 'Cosmological Theories', 'OPQR', 50),
	(51, 'Understand basic programming concepts in robotics', 'Basic Concepts', 'STUV', 51),
	(52, 'Apply programming skills to control robots', 'Programming Skills', 'WXYZ', 52),
	(53, 'Understand the principles of gene editing', 'Principles', 'ABCD', 53),
	(54, 'Apply gene editing techniques in biotechnology', 'Applications', 'EFGH', 54),
	(55, 'Learn content creation and planning strategies', 'Content Creation', 'IJKL', 55),
	(56, 'Develop and launch successful content marketing campaigns', 'Marketing Campaigns', 'MNOP', 56),
	(57, 'Understand the basic principles of quantum mechanics', 'Basic Principles', 'QRST', 57),
	(58, 'Explore experiments and applications of quantum mechanics', 'Experiments and Applications', 'UVWX', 58),
	(59, 'Understand the fundamentals of solar energy', 'Fundamentals', 'YZAB', 59),
	(60, 'Learn the process of designing and installing solar energy systems', 'Design and Installation', 'CDEF', 60),
	(61, 'Understand the basics of ethical hacking', 'Basics', 'GHIJ', 61),
	(62, 'Apply penetration testing techniques', 'Penetration Testing', 'KLMN', 62),
	(63, 'Understand the search for extraterrestrial life', 'Search for Life', 'OPQR', 63),
	(64, 'Explore astrobiology experiments', 'Experiments', 'STUV', 64),
	(65, 'Understand the fundamentals of predictive analytics', 'Fundamentals', 'WXYZ', 65),
	(66, 'Learn to build predictive models using machine learning', 'Predictive Models', 'ABCD', 66),
	(67, 'Understand telescope operation and maintenance', 'Telescope Operation', 'EFGH', 67),
	(68, 'Conduct practical celestial observations', 'Celestial Observations', 'IJKL', 68),
	(69, 'Understand the fundamentals of wind energy', 'Fundamentals', 'MNOP', 69),
	(70, 'Learn the process of designing and installing wind energy systems', 'Design and Installation', 'QRST', 70),
	(71, 'Understand the fundamentals of natural language processing', 'Fundamentals', 'UVWX', 71),
	(72, 'Apply text processing techniques in NLP', 'Text Processing', 'YZAB', 72),
	(73, 'Understand the biomechanics of human movement', 'Biomechanics', 'CDEF', 73),
	(74, 'Apply biomechanical principles in prosthetic design', 'Prosthetic Design', 'GHIJ', 74),
	(75, 'Understand the fundamentals of user interface design', 'Fundamentals', 'KLMN', 75),
	(76, 'Apply UI design principles in practical exercises', 'UI Design Exercises', 'OPQR', 76),
	(77, 'Understand the basics of process optimization', 'Basics', 'STUV', 77),
	(78, 'Apply optimization techniques in chemical processes', 'Optimization Techniques', 'WXYZ', 78),
	(79, 'Understand the fundamentals of hydropower', 'Fundamentals', 'ABCD', 79),
	(80, 'Learn the process of designing and installing hydropower systems', 'Design and Installation', 'EFGH', 80),
	(81, 'Understand the basics of autonomous drone technology', 'Basics', 'IJKL', 81),
	(82, 'Apply programming skills for drone autonomy', 'Programming Skills', 'MNOP', 82),
	(83, 'Understand the science behind climate change', 'Climate Science', 'QRST', 83),
	(84, 'Apply strategies for adapting to climate change', 'Adaptation Strategies', 'UVWX', 84),
	(85, 'Understand the process of incident response', 'Incident Response', 'YZAB', 85),
	(86, 'Apply forensic investigation techniques', 'Forensic Investigation', 'CDEF', 86),
	(87, 'Understand the basics of big data analytics', 'Basics', 'GHIJ', 87),
	(88, 'Apply Apache Spark for big data analysis', 'Spark Analysis', 'KLMN', 88),
	(89, 'Understand the fundamentals of geothermal energy', 'Fundamentals', 'OPQR', 89),
	(90, 'Learn the process of designing and installing geothermal energy systems', 'Design and Installation', 'STUV', 90),
	(91, 'Understand the basics of composite materials', 'Basics', 'WXYZ', 91),
	(92, 'Apply design considerations for composite materials in aircraft', 'Design Considerations', 'ABCD', 92),
	(95, 'Understand the basics of blockchain technology', 'Basics', 'MNOP', 95),
	(96, 'Apply blockchain in cryptocurrency systems', 'Cryptocurrency Applications', 'QRST', 96),
	(97, 'Understand the principles of green chemistry', 'Principles', 'UVWX', 97),
	(98, 'Apply green chemistry practices in chemical engineering', 'Implementation', 'YZAB', 98),
	(99, 'Understand the fundamentals of solar photovoltaic systems', 'Fundamentals', 'CDEF', 99),
	(100, 'Learn the process of designing and installing solar photovoltaic systems', 'Design and Installation', 'GHIJ', 100),
	(101, 'Understand the basics of nanomaterials', 'Basics', 'KLMN', 101),
	(102, 'Apply nanomaterials in energy storage systems', 'Application', 'OPQR', 102),
	(103, 'Understand the basics of urban planning', 'Basics', 'STUV', 103),
	(104, 'Apply sustainable practices in urban planning', 'Sustainable Practices', 'WXYZ', 104),
	(105, 'Understand the basics of reinforcement learning', 'Basics', 'ABCD', 105),
	(106, 'Apply reinforcement learning in practical scenarios', 'Applications', 'EFGH', 106),
	(107, 'Understand the basics of waste-to-energy technologies', 'Basics', 'IJKL', 107),
	(108, 'Apply waste-to-energy technologies in practice', 'Implementation', 'MNOP', 108),
	(109, 'Understand the challenges in securing IoT devices', 'Challenges', 'QRST', 109),
	(110, 'Apply security protocols for securing IoT devices', 'Security Protocols', 'UVWX', 110),
	(111, 'Understand the basics of humanoid robots', 'Basics', 'YZAB', 111),
	(112, 'Apply programming for humanoid robot movements', 'Programming Movements', 'CDEF', 112),
	(113, 'Understand the basics of medical imaging', 'Basics', 'GHIJ', 113),
	(114, 'Apply diagnostic imaging procedures', 'Diagnostic Procedures', 'KLMN', 114),
	(115, 'Understand the basics of natural language processing', 'Basics', 'OPQR', 115),
	(116, 'Apply NLP techniques in data analysis', 'Applications', 'STUV', 116),
	(117, 'Understand the basics of bioremediation', 'Basics', 'WXYZ', 117),
	(118, 'Apply bioremediation techniques in practice', 'Implementation', 'ABCD', 118),
	(119, 'Understand the fundamentals of wind energy', 'Fundamentals', 'EFGH', 119),
	(120, 'Apply turbine design and operation principles', 'Design and Operation', 'IJKL', 120),
	(121, 'Understand the basics of exoplanets', 'Basics', 'MNOP', 121),
	(122, 'Apply techniques for detecting exoplanets', 'Detection Techniques', 'QRST', 122),
	(123, 'Understand the basics of gene editing technologies', 'Basics', 'UVWX', 123),
	(124, 'Apply gene editing in therapeutic contexts', 'Applications', 'YZAB', 124),
	(125, 'Understand the basics of computer vision', 'Basics', 'CDEF', 125),
	(126, 'Apply computer vision in practical scenarios', 'Applications', 'GHIJ', 126),
	(127, 'Understand the principles of green chemistry', 'Principles', 'KLMN', 127),
	(128, 'Apply green chemistry practices in chemical engineering', 'Implementation', 'OPQR', 128),
	(129, 'Understand the fundamentals of solar photovoltaic systems', 'Fundamentals', 'STUV', 129),
	(130, 'Learn the process of designing and installing solar photovoltaic systems', 'Design and Installation', 'WXYZ', 130),
	(131, 'Understand principles of effective data visualization', 'Principles', 'HAAO', 131),
	(132, 'Apply data visualization tools', 'Visualization Tools', 'AFGH', 132),
	(133, 'Explore advanced data visualization techniques', 'Advanced Techniques', 'LKJK', 133),
	(134, 'Understand the basics', 'Basics', 'HAAO', 134),
	(135, 'Apply theoretical knowledge', 'Application', 'AFGH', 135),
	(136, 'Explore advanced topics', 'Advanced Exploration', 'LKJK', 136),
	(137, 'Apply advanced theoretical knowledge', 'Advanced Application', 'HKDT', 137),
	(138, 'Consolidate learning', 'Consolidation', 'KFGH', 138),
	(139, 'Evaluate understanding', 'Evaluation', 'KYHT', 139),
	(140, 'Understand basic Python syntax and concepts', 'Basic Syntax', 'HAAO', 140),
	(141, 'Apply Python concepts through practical exercises', 'Practical Application', 'AFGH', 141),
	(142, 'Learn about various data structures', 'Data Structures', 'HAAO', 142),
	(143, 'Understand algorithm design and analysis techniques', 'Algorithm Analysis', 'AFGH', 143),
	(144, 'Understand basic Java syntax and concepts', 'Basic Syntax', 'HAAO', 144),
	(145, 'Apply Java concepts through practical exercises', 'Practical Application', 'AFGH', 145);

-- Dumping data for table fams.location: ~5 rows (approximately)
REPLACE INTO `location` (`id`, `address`, `name`, `fsu_id`, `code`) VALUES
	(1, 'quan 9 hcm', NULL, 1, 'HCM'),
	(2, 'Quan 9 HCM', NULL, 1, 'HCM'),
	(3, 'quan 9 hcm', NULL, 1, 'HN'),
	(4, 'quan 9 hcm', NULL, 1, 'DN'),
	(5, 'Quan 9 HCM', NULL, 1, 'HUE');

-- Dumping data for table fams.mail_template: ~0 rows (approximately)

-- Dumping data for table fams.role: ~3 rows (approximately)
REPLACE INTO `role` (`role_id`, `role`) VALUES
	(1, 'SUPERADMIN'),
	(2, 'ADMIN'),
	(3, 'TRAINER');

-- Dumping data for table fams.role_group: ~60 rows (approximately)
REPLACE INTO `role_group` (`role_group_id`, `is_active`, `role_id`, `permission_id`) VALUES
	(1, b'1', 1, 1),
	(2, b'1', 1, 2),
	(3, b'1', 1, 3),
	(4, b'1', 1, 4),
	(5, b'1', 1, 5),
	(6, b'1', 1, 6),
	(7, b'1', 1, 7),
	(8, b'1', 1, 8),
	(9, b'1', 1, 9),
	(10, b'1', 1, 10),
	(11, b'1', 1, 11),
	(12, b'1', 1, 12),
	(13, b'1', 1, 13),
	(14, b'1', 1, 14),
	(15, b'1', 1, 15),
	(16, b'1', 1, 16),
	(17, b'1', 1, 17),
	(18, b'1', 1, 18),
	(19, b'1', 1, 19),
	(20, b'1', 1, 20),
	(21, b'1', 2, 1),
	(22, b'0', 2, 2),
	(23, b'0', 2, 3),
	(24, b'0', 2, 4),
	(25, b'0', 2, 5),
	(26, b'1', 2, 6),
	(27, b'1', 2, 7),
	(28, b'1', 2, 8),
	(29, b'1', 2, 9),
	(30, b'1', 2, 10),
	(31, b'1', 2, 11),
	(32, b'1', 2, 12),
	(33, b'1', 2, 13),
	(34, b'1', 2, 14),
	(35, b'1', 2, 15),
	(36, b'1', 2, 16),
	(37, b'1', 2, 17),
	(38, b'1', 2, 18),
	(39, b'1', 2, 19),
	(40, b'1', 2, 20),
	(41, b'0', 3, 1),
	(42, b'1', 3, 2),
	(43, b'0', 3, 3),
	(44, b'0', 3, 4),
	(45, b'0', 3, 5),
	(46, b'0', 3, 6),
	(47, b'1', 3, 7),
	(48, b'1', 3, 8),
	(49, b'1', 3, 9),
	(50, b'0', 3, 10),
	(51, b'0', 3, 11),
	(52, b'0', 3, 12),
	(53, b'0', 3, 13),
	(54, b'0', 3, 14),
	(55, b'0', 3, 15),
	(56, b'0', 3, 16),
	(57, b'0', 3, 17),
	(58, b'0', 3, 18),
	(59, b'0', 3, 19),
	(60, b'0', 3, 20);

-- Dumping data for table fams.syllabus: ~70 rows (approximately)
REPLACE INTO `syllabus` (`topic_code`, `creation_date`, `last_modified_date`, `duration`, `priority`, `public_status`, `technical_group`, `topic_name`, `topic_outline`, `training_audience`, `training_materials`, `training_principles`, `version`, `create_by`, `modify_by`, `user_id`) VALUES
	('A01', '2023-05-29', '2023-12-14', 150, 1, 'ACTIVE', 'IT', 'Introduction to Programming', 'Basic programming concepts and practices', '1', NULL, NULL, 1, 1, 1, NULL),
	('A02', '2023-08-05', '2023-12-14', 120, 2, 'DRAFTING', 'Marketing', 'Content Marketing Strategies', 'Effective strategies for creating and distributing content', '15', NULL, NULL, 2, 1, 1, NULL),
	('A03', '2023-03-07', '2023-12-14', 150, 3, 'INACTIVE', 'Finance', 'Financial Risk Management', 'Managing financial risks in investment and business operations', '16', NULL, NULL, 3, 1, 1, NULL),
	('A04', '2023-06-28', '2023-12-14', 120, 2, 'ACTIVE', 'Healthcare', 'Telemedicine and Healthcare Technology', 'Utilizing technology for remote healthcare services', '17', NULL, NULL, 2, 1, 1, NULL),
	('A05', '2023-05-04', '2023-12-14', 150, 3, 'DRAFTING', 'Engineering', 'Robotics and Automation', 'Applications of robotics and automation in various industries', '19', NULL, NULL, 1, 1, 1, NULL),
	('A06', '2023-10-09', '2023-12-14', 150, 1, 'INACTIVE', 'Design', 'Graphic Design Principles', 'Fundamental principles and techniques in graphic design', '15', NULL, NULL, 2, 1, 1, NULL),
	('A07', '2023-08-19', '2023-12-14', 120, 2, 'ACTIVE', 'Education', 'Pedagogical Techniques in Online Teaching', 'Effective strategies for teaching in online environments', '16', NULL, NULL, 3, 1, 1, NULL),
	('A08', '2023-09-08', '2023-12-14', 150, 3, 'DRAFTING', 'Human Resources', 'Leadership and Employee Motivation', 'Strategies for effective leadership and motivation in the workplace', '16', NULL, NULL, 1, 1, 1, NULL),
	('A09', '2023-07-13', '2023-12-14', 120, 2, 'INACTIVE', 'Environment', 'Sustainable Practices in Business', 'Implementing eco-friendly and sustainable practices in business operations', '17', NULL, NULL, 2, 1, 1, NULL),
	('A10', '2023-12-15', '2023-12-14', 150, 3, 'ACTIVE', 'Technology', 'Cybersecurity Best Practices', 'Ensuring digital security in a connected world', '18', NULL, NULL, 1, 1, 1, NULL),
	('A11', '2023-09-27', '2023-12-14', 150, 1, 'DRAFTING', 'Art', 'Digital Art and Illustration', 'Exploring digital art techniques and illustration principles', '15', NULL, NULL, 3, 1, 1, NULL),
	('A12', '2023-09-17', '2023-12-14', 120, 2, 'INACTIVE', 'Science', 'Space Exploration and Astronomy', 'Journey through the cosmos and understanding celestial bodies', '16', NULL, NULL, 1, 1, 1, NULL),
	('A13', '2023-09-24', '2023-12-14', 150, 3, 'ACTIVE', 'Sports', 'Sports Nutrition and Fitness', 'Optimizing nutrition for athletic performance and overall fitness', '16', NULL, NULL, 2, 1, 1, NULL),
	('A14', '2023-02-11', '2023-12-14', 120, 2, 'DRAFTING', 'Hospitality', 'Culinary Arts and Gastronomy', 'Exploring the art and science of cooking and food preparation', '16', NULL, NULL, 3, 1, 1, NULL),
	('A15', '2023-11-16', '2023-12-14', 150, 3, 'INACTIVE', 'Entertainment', 'Film Production and Cinematography', 'From script to screen - the art and craft of filmmaking', '15', NULL, NULL, 1, 1, 1, NULL),
	('A16', '2023-12-22', '2023-12-14', 150, 1, 'ACTIVE', 'Technology', 'Introduction to Artificial Intelligence', 'Fundamental concepts and applications of artificial intelligence', '20', NULL, NULL, 2, 1, 1, NULL),
	('A17', '2023-11-18', '2023-12-14', 120, 2, 'DRAFTING', 'Healthcare', 'Advanced Medical Imaging Techniques', 'Exploring cutting-edge medical imaging technologies', '25', NULL, NULL, 3, 1, 1, NULL),
	('A18', '2023-11-22', '2023-12-14', 150, 3, 'INACTIVE', 'Finance', 'Financial Planning for Young Professionals', 'Strategies for managing finances and investments in early careers', '18', NULL, NULL, 1, 1, 1, NULL),
	('A19', '2023-09-14', '2023-12-14', 120, 2, 'ACTIVE', 'Education', 'Innovative Teaching Methods for STEM Subjects', 'Applying creative and effective teaching techniques in STEM education', '22', NULL, NULL, 2, 1, 1, NULL),
	('A20', '2023-11-06', '2023-12-14', 150, 3, 'DRAFTING', 'Environment', 'Renewable Energy Technologies', 'Exploring sustainable and renewable energy solutions', '30', NULL, NULL, 1, 1, 1, NULL),
	('A21', '2023-07-17', '2023-12-14', 150, 1, 'INACTIVE', 'Artificial Intelligence', 'Machine Learning Fundamentals', 'Basic principles and applications of machine learning', '18', NULL, NULL, 2, 1, 1, NULL),
	('A22', '2023-05-25', '2023-12-14', 120, 2, 'ACTIVE', 'Environmental Science', 'Climate Change and Sustainable Practices', 'Understanding climate change and adopting sustainable practices', '20', NULL, NULL, 3, 1, 1, NULL),
	('A23', '2023-07-31', '2023-12-14', 150, 3, 'DRAFTING', 'Marketing', 'Digital Marketing Strategies', 'Strategies for effective digital marketing in the modern era', '25', NULL, NULL, 1, 1, 1, NULL),
	('A24', '2023-12-27', '2023-12-14', 120, 2, 'INACTIVE', 'Data Science', 'Data Visualization Techniques', 'Effective techniques for visualizing and interpreting data', '28', NULL, NULL, 2, 1, 1, NULL),
	('A25', '2023-11-11', '2023-12-14', 150, 3, 'ACTIVE', 'Space Exploration', 'Astrophysics and Cosmology', 'Exploring the mysteries of the universe through astrophysics', '30', NULL, NULL, 1, 1, 1, NULL),
	('A26', '2023-04-06', '2023-12-14', 150, 1, 'DRAFTING', 'Robotics', 'Introduction to Robotics Programming', 'Basic programming concepts and applications in robotics', '20', NULL, NULL, 2, 1, 1, NULL),
	('A27', '2023-05-28', '2023-12-14', 120, 2, 'INACTIVE', 'Biotechnology', 'Gene Editing Techniques', 'Exploring CRISPR and other gene editing technologies', '18', NULL, NULL, 3, 1, 1, NULL),
	('A28', '2023-10-30', '2023-12-14', 150, 3, 'ACTIVE', 'Digital Marketing', 'Content Marketing Strategies', 'Developing effective content marketing campaigns', '25', NULL, NULL, 1, 1, 1, NULL),
	('A29', '2023-05-06', '2023-12-14', 120, 2, 'DRAFTING', 'Physics', 'Quantum Mechanics Explained', 'Understanding the principles of quantum mechanics', '28', NULL, NULL, 2, 1, 1, NULL),
	('A30', '2023-07-04', '2023-12-14', 150, 3, 'INACTIVE', 'Renewable Energy', 'Solar Energy Systems Design', 'Designing and implementing solar energy systems', '30', NULL, NULL, 1, 1, 1, NULL),
	('A31', '2023-12-31', '2023-12-14', 150, 1, 'ACTIVE', 'Cybersecurity', 'Ethical Hacking Basics', 'Fundamental principles of ethical hacking and penetration testing', '20', NULL, NULL, 2, 1, 1, NULL),
	('A32', '2023-10-29', '2023-12-14', 120, 2, 'DRAFTING', 'Space Exploration', 'Introduction to Astrobiology', 'Exploring the possibilities of extraterrestrial life', '18', NULL, NULL, 3, 1, 1, NULL),
	('A33', '2023-06-30', '2023-12-14', 150, 3, 'INACTIVE', 'Data Science', 'Predictive Analytics with Machine Learning', 'Using machine learning for predictive analytics', '25', NULL, NULL, 1, 1, 1, NULL),
	('A34', '2023-03-07', '2023-12-14', 120, 2, 'ACTIVE', 'Astronomy', 'Observational Astronomy Techniques', 'Practical techniques for observing celestial objects', '28', NULL, NULL, 2, 1, 1, NULL),
	('A35', '2023-05-23', '2023-12-14', 150, 3, 'DRAFTING', 'Renewable Energy', 'Wind Energy Systems Design', 'Designing and implementing wind energy systems', '30', NULL, NULL, 1, 1, 1, NULL),
	('A36', '2023-08-04', '2023-12-14', 150, 1, 'INACTIVE', 'Artificial Intelligence', 'Natural Language Processing Fundamentals', 'Basic principles and applications of natural language processing', '20', NULL, NULL, 2, 1, 1, NULL),
	('A37', '2023-10-05', '2023-12-14', 120, 2, 'ACTIVE', 'Biomedical Engineering', 'Biomechanics and Prosthetics', 'Understanding the biomechanics of human movement and prosthetic design', '18', NULL, NULL, 3, 1, 1, NULL),
	('A38', '2023-09-03', '2023-12-14', 150, 3, 'DRAFTING', 'Digital Design', 'User Interface (UI) Design Principles', 'Principles and best practices for designing effective user interfaces', '25', NULL, NULL, 1, 1, 1, NULL),
	('A39', '2023-10-21', '2023-12-14', 120, 2, 'INACTIVE', 'Chemical Engineering', 'Process Optimization in Chemical Engineering', 'Optimizing chemical processes for efficiency and sustainability', '28', NULL, NULL, 2, 1, 1, NULL),
	('A40', '2023-04-27', '2023-12-14', 150, 3, 'ACTIVE', 'Renewable Energy', 'Hydropower Systems Design', 'Designing and implementing hydropower systems for sustainable energy', '30', NULL, NULL, 1, 1, 1, NULL),
	('A41', '2023-07-29', '2023-12-14', 150, 1, 'DRAFTING', 'Robotics', 'Autonomous Drone Programming', 'Programming drones for autonomous navigation and tasks', '20', NULL, NULL, 2, 1, 1, NULL),
	('A42', '2023-10-02', '2023-12-14', 120, 2, 'INACTIVE', 'Environmental Science', 'Climate Change Adaptation Strategies', 'Strategies for adapting to the impacts of climate change', '18', NULL, NULL, 3, 1, 1, NULL),
	('A43', '2023-05-13', '2023-12-14', 150, 3, 'ACTIVE', 'Cybersecurity', 'Incident Response and Forensics', 'Responding to and investigating cybersecurity incidents', '25', NULL, NULL, 1, 1, 1, NULL),
	('A44', '2023-10-17', '2023-12-14', 120, 2, 'DRAFTING', 'Data Science', 'Big Data Analytics with Apache Spark', 'Analyzing large datasets using Apache Spark', '28', NULL, NULL, 2, 1, 1, NULL),
	('A45', '2023-04-16', '2023-12-14', 150, 3, 'INACTIVE', 'Renewable Energy', 'Geothermal Energy Systems Design', 'Designing and implementing geothermal energy systems', '30', NULL, NULL, 1, 1, 1, NULL),
	('A46', '2023-09-04', '2023-12-14', 150, 1, 'ACTIVE', 'Aerospace Engineering', 'Advanced Composite Materials in Aircraft', 'Applications and design considerations of advanced composite materials in aircraft manufacturing', '20', NULL, NULL, 2, 1, 1, NULL),
	('A48', '2023-05-20', '2023-12-14', 150, 3, 'INACTIVE', 'Computer Science', 'Blockchain and Cryptocurrencies', 'Understanding the fundamentals of blockchain technology and its applications in cryptocurrencies', '25', NULL, NULL, 1, 1, 1, NULL),
	('A49', '2023-03-21', '2023-12-14', 120, 2, 'ACTIVE', 'Chemical Engineering', 'Green Chemistry Practices', 'Implementing sustainable and environmentally friendly practices in chemical engineering', '28', NULL, NULL, 2, 1, 1, NULL),
	('A50', '2023-03-18', '2023-12-14', 150, 3, 'DRAFTING', 'Renewable Energy', 'Solar Photovoltaic System Design', 'Designing efficient solar photovoltaic systems for renewable energy generation', '30', NULL, NULL, 1, 1, 1, NULL),
	('A51', '2023-10-16', '2023-12-14', 150, 1, 'INACTIVE', 'Materials Science', 'Nanomaterials for Energy Storage', 'Applications and advancements in using nanomaterials for energy storage systems', '20', NULL, NULL, 2, 1, 1, NULL),
	('A52', '2023-01-22', '2023-12-14', 120, 2, 'ACTIVE', 'Civil Engineering', 'Sustainable Urban Planning', 'Principles and practices for creating environmentally friendly and sustainable urban areas', '18', NULL, NULL, 3, 1, 1, NULL),
	('A53', '2023-09-20', '2023-12-14', 150, 3, 'DRAFTING', 'Artificial Intelligence', 'Reinforcement Learning Applications', 'Applications and implementations of reinforcement learning in artificial intelligence', '25', NULL, NULL, 1, 1, 1, NULL),
	('A54', '2023-03-18', '2023-12-14', 120, 2, 'INACTIVE', 'Environmental Engineering', 'Waste-to-Energy Technologies', 'Technological solutions for converting waste into energy and minimizing environmental impact', '28', NULL, NULL, 2, 1, 1, NULL),
	('A55', '2023-04-14', '2023-12-14', 150, 3, 'ACTIVE', 'Information Security', 'IoT Security Best Practices', 'Securing Internet of Things (IoT) devices and networks through best practices and protocols', '30', NULL, NULL, 1, 1, 1, NULL),
	('A56', '2023-09-11', '2023-12-14', 150, 1, 'DRAFTING', 'Robotics', 'Humanoid Robot Programming', 'Programming humanoid robots for various tasks and interactions', '20', NULL, NULL, 2, 1, 1, NULL),
	('A57', '2023-10-22', '2023-12-14', 120, 2, 'INACTIVE', 'Biomedical Engineering', 'Medical Imaging Technologies', 'Applications and advancements in medical imaging technologies for diagnosis and treatment', '18', NULL, NULL, 3, 1, 1, NULL),
	('A58', '2023-03-24', '2023-12-14', 150, 3, 'ACTIVE', 'Data Science', 'Natural Language Processing (NLP)', 'Understanding and applying natural language processing techniques for data analysis and text processing', '25', NULL, NULL, 1, 1, 1, NULL),
	('A59', '2023-08-31', '2023-12-14', 120, 2, 'DRAFTING', 'Chemical Engineering', 'Bioremediation Techniques', 'Implementing biological methods for environmental pollution cleanup', '28', NULL, NULL, 2, 1, 1, NULL),
	('A60', '2023-11-04', '2023-12-14', 150, 3, 'INACTIVE', 'Renewable Energy', 'Wind Turbine Technology', 'Design, operation, and maintenance of wind turbine systems for renewable energy generation', '30', NULL, NULL, 1, 1, 1, NULL),
	('A61', '2023-05-14', '2023-12-14', 150, 1, 'INACTIVE', 'Space Exploration', 'Exoplanet Discovery Techniques', 'Methods and technologies for discovering exoplanets beyond our solar system', '20', NULL, NULL, 2, 1, 1, NULL),
	('A62', '2023-09-13', '2023-12-14', 120, 2, 'ACTIVE', 'Biotechnology', 'Gene Editing for Therapeutic Applications', 'Applications of gene editing technologies for therapeutic purposes in medicine', '18', NULL, NULL, 3, 1, 1, NULL),
	('A63', '2023-06-18', '2023-12-14', 150, 3, 'DRAFTING', 'Artificial Intelligence', 'Computer Vision Applications', 'Applications and advancements in computer vision for real-world scenarios', '25', NULL, NULL, 1, 1, 1, NULL),
	('A64', '2023-12-15', '2023-12-14', 120, 2, 'INACTIVE', 'Chemical Engineering', 'Sustainable Chemical Synthesis', 'Implementing sustainable practices in chemical synthesis processes', '28', NULL, NULL, 2, 1, 1, NULL),
	('A65', '2023-02-25', '2023-12-14', 150, 3, 'ACTIVE', 'Renewable Energy', 'Solar Photovoltaic System Design', 'Designing efficient solar photovoltaic systems for renewable energy generation', '30', NULL, NULL, 1, 1, 1, NULL),
	('A66', '2023-03-14', '2023-12-14', 270, 2, 'DRAFTING', 'Data Science', 'Introduction to Data Visualization', 'Exploring techniques for effective data visualization', '28', NULL, NULL, 1, 1, 1, NULL),
	('A67', '2023-10-26', '2023-12-14', 600, 2, 'INACTIVE', 'string', 'string', 'string', '20', NULL, NULL, 2, 1, 1, NULL),
	('A68', '2023-11-08', '2023-12-14', 150, 1, 'ACTIVE', 'Programming', 'Introduction to Python', 'This training covers the basics of Python programming language.', '20', NULL, NULL, 1, 1, 1, NULL),
	('A69', '2023-04-25', '2023-12-14', 150, 3, 'DRAFTING', 'Programming', 'Data Structures and Algorithms', 'This training covers fundamental data structures and algorithms used in programming.', '30', NULL, NULL, 1, 1, 1, NULL),
	('A70', '2023-08-28', '2023-12-14', 150, 1, 'INACTIVE', 'Programming', 'Introduction to Java', 'This training provides an introduction to Java programming language.', '20', NULL, NULL, 1, 1, 1, NULL);

-- Dumping data for table fams.syllabus_object: ~145 rows (approximately)
REPLACE INTO `syllabus_object` (`id`, `learning_objective_code`, `topic_code`) VALUES
	(1, 1, 'A01'),
	(2, 2, 'A01'),
	(3, 3, 'A02'),
	(4, 4, 'A02'),
	(5, 5, 'A03'),
	(6, 6, 'A03'),
	(7, 7, 'A04'),
	(8, 8, 'A04'),
	(9, 9, 'A05'),
	(10, 10, 'A05'),
	(11, 11, 'A06'),
	(12, 12, 'A06'),
	(13, 13, 'A07'),
	(14, 14, 'A07'),
	(15, 15, 'A08'),
	(16, 16, 'A08'),
	(17, 17, 'A09'),
	(18, 18, 'A09'),
	(19, 19, 'A10'),
	(20, 20, 'A10'),
	(21, 21, 'A11'),
	(22, 22, 'A11'),
	(23, 23, 'A12'),
	(24, 24, 'A12'),
	(25, 25, 'A13'),
	(26, 26, 'A13'),
	(27, 27, 'A14'),
	(28, 28, 'A14'),
	(29, 29, 'A15'),
	(30, 30, 'A15'),
	(31, 31, 'A16'),
	(32, 32, 'A16'),
	(33, 33, 'A17'),
	(34, 34, 'A17'),
	(35, 35, 'A18'),
	(36, 36, 'A18'),
	(37, 37, 'A19'),
	(38, 38, 'A19'),
	(39, 39, 'A20'),
	(40, 40, 'A20'),
	(41, 41, 'A21'),
	(42, 42, 'A21'),
	(43, 43, 'A22'),
	(44, 44, 'A22'),
	(45, 45, 'A23'),
	(46, 46, 'A23'),
	(47, 47, 'A24'),
	(48, 48, 'A24'),
	(49, 49, 'A25'),
	(50, 50, 'A25'),
	(51, 51, 'A26'),
	(52, 52, 'A26'),
	(53, 53, 'A27'),
	(54, 54, 'A27'),
	(55, 55, 'A28'),
	(56, 56, 'A28'),
	(57, 57, 'A29'),
	(58, 58, 'A29'),
	(59, 59, 'A30'),
	(60, 60, 'A30'),
	(61, 61, 'A31'),
	(62, 62, 'A31'),
	(63, 63, 'A32'),
	(64, 64, 'A32'),
	(65, 65, 'A33'),
	(66, 66, 'A33'),
	(67, 67, 'A34'),
	(68, 68, 'A34'),
	(69, 69, 'A35'),
	(70, 70, 'A35'),
	(71, 71, 'A36'),
	(72, 72, 'A36'),
	(73, 73, 'A37'),
	(74, 74, 'A37'),
	(75, 75, 'A38'),
	(76, 76, 'A38'),
	(77, 77, 'A39'),
	(78, 78, 'A39'),
	(79, 79, 'A40'),
	(80, 80, 'A40'),
	(81, 81, 'A41'),
	(82, 82, 'A41'),
	(83, 83, 'A42'),
	(84, 84, 'A42'),
	(85, 85, 'A43'),
	(86, 86, 'A43'),
	(87, 87, 'A44'),
	(88, 88, 'A44'),
	(89, 89, 'A45'),
	(90, 90, 'A45'),
	(91, 91, 'A46'),
	(92, 92, 'A46'),
	(95, 95, 'A48'),
	(96, 96, 'A48'),
	(97, 97, 'A49'),
	(98, 98, 'A49'),
	(99, 99, 'A50'),
	(100, 100, 'A50'),
	(101, 101, 'A51'),
	(102, 102, 'A51'),
	(103, 103, 'A52'),
	(104, 104, 'A52'),
	(105, 105, 'A53'),
	(106, 106, 'A53'),
	(107, 107, 'A54'),
	(108, 108, 'A54'),
	(109, 109, 'A55'),
	(110, 110, 'A55'),
	(111, 111, 'A56'),
	(112, 112, 'A56'),
	(113, 113, 'A57'),
	(114, 114, 'A57'),
	(115, 115, 'A58'),
	(116, 116, 'A58'),
	(117, 117, 'A59'),
	(118, 118, 'A59'),
	(119, 119, 'A60'),
	(120, 120, 'A60'),
	(121, 121, 'A61'),
	(122, 122, 'A61'),
	(123, 123, 'A62'),
	(124, 124, 'A62'),
	(125, 125, 'A63'),
	(126, 126, 'A63'),
	(127, 127, 'A64'),
	(128, 128, 'A64'),
	(129, 129, 'A65'),
	(130, 130, 'A65'),
	(131, 131, 'A66'),
	(132, 132, 'A66'),
	(133, 133, 'A66'),
	(134, 134, 'A67'),
	(135, 135, 'A67'),
	(136, 136, 'A67'),
	(137, 137, 'A67'),
	(138, 138, 'A67'),
	(139, 139, 'A67'),
	(140, 140, 'A68'),
	(141, 141, 'A68'),
	(142, 142, 'A69'),
	(143, 143, 'A69'),
	(144, 144, 'A70'),
	(145, 145, 'A70');

-- Dumping data for table fams.training_content: ~145 rows (approximately)
REPLACE INTO `training_content` (`traning_content_id`, `content`, `delivery_type`, `duration`, `note`, `training_format`, `training_unit_id`) VALUES
	(1, 'Introduction to Programming Languages', 0, 60, 'Overview of programming languages', 'Presentation', 1),
	(2, 'Hands-on Coding Practice', 1, 90, 'Practical coding exercises', 'Workshop', 1),
	(3, 'Content Creation Techniques', 0, 45, 'Discussion and examples of content creation', 'Discussion', 2),
	(4, 'Content Distribution Strategies', 1, 75, 'Practical exercises on content distribution', 'Workshop', 2),
	(5, 'Understanding Financial Risks', 0, 60, 'Overview of financial risks', 'Presentation', 3),
	(6, 'Risk Mitigation Strategies', 1, 90, 'Practical exercises on risk mitigation', 'Workshop', 3),
	(7, 'Introduction to Telemedicine', 0, 45, 'Overview of telemedicine', 'Presentation', 4),
	(8, 'Implementation of Telehealth Solutions', 1, 75, 'Practical exercises on telehealth implementation', 'Workshop', 4),
	(9, 'Introduction to Robotics', 0, 60, 'Overview of robotics', 'Presentation', 5),
	(10, 'Hands-on Robotics Projects', 1, 90, 'Practical robotics projects', 'Workshop', 5),
	(11, 'Color Theory and Usage', 0, 60, 'Discussion on color theory in graphic design', 'Discussion', 6),
	(12, 'Typography and Layout Design', 1, 90, 'Practical exercises on typography and layout design', 'Workshop', 6),
	(13, 'Engaging Online Learning Activities', 0, 45, 'Discussion and examples of online learning activities', 'Discussion', 7),
	(14, 'Effective Use of Multimedia in Teaching', 1, 75, 'Practical exercises on multimedia integration', 'Workshop', 7),
	(15, 'Leadership Styles and Their Impact', 0, 60, 'Overview of leadership styles', 'Presentation', 8),
	(16, 'Motivating and Engaging Employees', 1, 90, 'Practical exercises on employee motivation', 'Workshop', 8),
	(17, 'Introduction to Sustainable Business Practices', 0, 45, 'Overview of sustainable business practices', 'Presentation', 9),
	(18, 'Implementation of Green Initiatives', 1, 75, 'Practical exercises on green initiatives', 'Workshop', 9),
	(19, 'Understanding Cybersecurity Threats', 0, 60, 'Overview of cybersecurity threats', 'Presentation', 10),
	(20, 'Implementing Secure Practices', 1, 90, 'Practical exercises on secure implementations', 'Workshop', 10),
	(21, 'Introduction to Digital Art', 0, 60, 'Overview of digital art techniques', 'Presentation', 11),
	(22, 'Digital Illustration Techniques', 1, 90, 'Practical exercises in digital illustration', 'Workshop', 11),
	(23, 'Introduction to Astronomy', 0, 45, 'Overview of astronomical concepts', 'Presentation', 12),
	(24, 'Observational Techniques', 1, 75, 'Practical exercises in observational astronomy', 'Workshop', 12),
	(25, 'Understanding Nutritional Requirements for Athletes', 0, 60, 'Overview of sports nutrition', 'Presentation', 13),
	(26, 'Fitness Training and Performance Enhancement', 1, 90, 'Practical exercises in fitness training', 'Workshop', 13),
	(27, 'Fundamentals of Culinary Arts', 0, 45, 'Overview of culinary techniques', 'Presentation', 14),
	(28, 'Hands-on Cooking Experience', 1, 75, 'Practical cooking exercises', 'Workshop', 14),
	(29, 'Introduction to Film Production', 0, 60, 'Overview of the filmmaking process', 'Presentation', 15),
	(30, 'Cinematography Techniques', 1, 90, 'Practical exercises in cinematography', 'Workshop', 15),
	(31, 'Overview of Artificial Intelligence', 0, 60, 'Introduction to AI concepts', 'Presentation', 16),
	(32, 'Hands-on AI Programming', 1, 90, 'Practical coding exercises in AI', 'Workshop', 16),
	(33, 'Introduction to Medical Imaging', 0, 45, 'Overview of medical imaging technologies', 'Presentation', 17),
	(34, 'Practical Applications of Imaging Technologies', 1, 75, 'Hands-on exercises with medical imaging devices', 'Workshop', 17),
	(35, 'Budgeting and Saving Tips', 0, 60, 'Discussion on financial planning basics', 'Discussion', 18),
	(36, 'Investment Planning for Young Professionals', 1, 90, 'Practical guidance on investment planning', 'Workshop', 18),
	(37, 'Interactive STEM Learning Activities', 0, 45, 'Discussion and examples of interactive learning', 'Discussion', 19),
	(38, 'Practical Implementation of STEM Teaching Methods', 1, 75, 'Practical exercises in applying teaching methods', 'Workshop', 19),
	(39, 'Overview of Renewable Energy Sources', 0, 60, 'Introduction to renewable energy technologies', 'Presentation', 20),
	(40, 'Hands-on Projects in Renewable Energy', 1, 90, 'Practical implementation of renewable energy solutions', 'Workshop', 20),
	(41, 'Introduction to Machine Learning', 0, 60, 'Overview of machine learning principles', 'Presentation', 21),
	(42, 'Practical Machine Learning Applications', 1, 90, 'Hands-on exercises with machine learning tools', 'Workshop', 21),
	(43, 'Climate Change Science', 0, 45, 'Overview of climate change principles', 'Presentation', 22),
	(44, 'Implementing Sustainable Practices', 1, 75, 'Practical tips and exercises for sustainability', 'Workshop', 22),
	(45, 'Social Media Marketing', 0, 60, 'Overview of social media marketing strategies', 'Presentation', 23),
	(46, 'Creating Effective Online Campaigns', 1, 90, 'Practical exercises in creating digital marketing campaigns', 'Workshop', 23),
	(47, 'Principles of Data Visualization', 0, 45, 'Overview of data visualization principles', 'Presentation', 24),
	(48, 'Creating Interactive Data Dashboards', 1, 75, 'Hands-on exercises in creating data dashboards', 'Workshop', 24),
	(49, 'Fundamentals of Astrophysics', 0, 60, 'Overview of astrophysical concepts', 'Presentation', 25),
	(50, 'Cosmological Theories and Observations', 1, 90, 'Discussion and practical examples in cosmology', 'Discussion', 25),
	(51, 'Fundamentals of Robotics Programming', 0, 60, 'Introduction to programming for robots', 'Presentation', 26),
	(52, 'Hands-on Programming Exercises', 1, 90, 'Practical programming exercises with robots', 'Workshop', 26),
	(53, 'Overview of Gene Editing Technologies', 0, 45, 'Introduction to CRISPR and other gene editing tools', 'Presentation', 27),
	(54, 'Practical Applications of Gene Editing', 1, 75, 'Hands-on exercises in gene editing', 'Workshop', 27),
	(55, 'Content Creation and Planning', 0, 60, 'Overview of effective content creation', 'Presentation', 28),
	(56, 'Building a Successful Content Marketing Campaign', 1, 90, 'Practical exercises in content marketing', 'Workshop', 28),
	(57, 'Introduction to Quantum Mechanics', 0, 45, 'Overview of quantum mechanical concepts', 'Presentation', 29),
	(58, 'Quantum Experiments and Applications', 1, 75, 'Practical examples and discussions in quantum mechanics', 'Discussion', 29),
	(59, 'Fundamentals of Solar Energy', 0, 60, 'Overview of solar energy principles', 'Presentation', 30),
	(60, 'Designing and Installing Solar Systems', 1, 90, 'Practical exercises in solar system design', 'Workshop', 30),
	(61, 'Introduction to Ethical Hacking', 0, 60, 'Overview of ethical hacking principles', 'Presentation', 31),
	(62, 'Hands-on Penetration Testing', 1, 90, 'Practical exercises in ethical hacking', 'Workshop', 31),
	(63, 'The Search for Extraterrestrial Life', 0, 45, 'Overview of astrobiology and SETI', 'Presentation', 32),
	(64, 'Astrobiology Experiments', 1, 75, 'Hands-on experiments in astrobiology', 'Workshop', 32),
	(65, 'Introduction to Predictive Analytics', 0, 60, 'Overview of predictive analytics concepts', 'Presentation', 33),
	(66, 'Building Predictive Models', 1, 90, 'Practical exercises in predictive analytics', 'Workshop', 33),
	(67, 'Telescope Operation and Maintenance', 0, 45, 'Overview of telescope use and care', 'Presentation', 34),
	(68, 'Practical Celestial Observations', 1, 75, 'Hands-on observations using telescopes', 'Workshop', 34),
	(69, 'Fundamentals of Wind Energy', 0, 60, 'Overview of wind energy principles', 'Presentation', 35),
	(70, 'Designing and Installing Wind Systems', 1, 90, 'Practical exercises in wind system design', 'Workshop', 35),
	(71, 'Introduction to Natural Language Processing', 0, 60, 'Overview of NLP principles', 'Presentation', 36),
	(72, 'Text Processing Techniques', 1, 90, 'Practical exercises in text processing', 'Workshop', 36),
	(73, 'Biomechanics in Human Movement', 0, 45, 'Overview of biomechanical principles', 'Presentation', 37),
	(74, 'Prosthetic Design and Application', 1, 75, 'Hands-on exercises in prosthetic design', 'Workshop', 37),
	(75, 'Fundamentals of UI Design', 0, 60, 'Overview of UI design principles', 'Presentation', 38),
	(76, 'Practical UI Design Exercises', 1, 90, 'Hands-on exercises in UI design', 'Workshop', 38),
	(77, 'Introduction to Process Optimization', 0, 45, 'Overview of process optimization principles', 'Presentation', 39),
	(78, 'Optimizing Chemical Processes', 1, 75, 'Practical exercises in process optimization', 'Workshop', 39),
	(79, 'Fundamentals of Hydropower', 0, 60, 'Overview of hydropower principles', 'Presentation', 40),
	(80, 'Designing and Installing Hydropower Systems', 1, 90, 'Practical exercises in hydropower system design', 'Workshop', 40),
	(81, 'Introduction to Autonomous Drones', 0, 60, 'Overview of autonomous drone systems', 'Presentation', 41),
	(82, 'Hands-on Drone Programming', 1, 90, 'Practical exercises in programming autonomous drones', 'Workshop', 41),
	(83, 'Understanding Climate Change', 0, 45, 'Overview of climate change and its impacts', 'Presentation', 42),
	(84, 'Implementing Adaptation Strategies', 1, 75, 'Practical exercises in climate change adaptation', 'Workshop', 42),
	(85, 'Incident Response Planning', 0, 60, 'Overview of incident response planning', 'Presentation', 43),
	(86, 'Forensic Investigation Techniques', 1, 90, 'Practical exercises in cybersecurity forensics', 'Workshop', 43),
	(87, 'Introduction to Big Data Analytics', 0, 45, 'Overview of big data analytics concepts', 'Presentation', 44),
	(88, 'Analyzing Big Data with Apache Spark', 1, 75, 'Practical exercises in big data analytics', 'Workshop', 44),
	(89, 'Fundamentals of Geothermal Energy', 0, 60, 'Overview of geothermal energy principles', 'Presentation', 45),
	(90, 'Designing and Installing Geothermal Systems', 1, 90, 'Practical exercises in geothermal system design', 'Workshop', 45),
	(91, 'Introduction to Composite Materials', 0, 60, 'Overview of composite materials in aerospace', 'Presentation', 46),
	(92, 'Composite Material Design in Aircraft', 1, 90, 'Practical exercises in aircraft material design', 'Workshop', 46),
	(95, 'Introduction to Blockchain', 0, 60, 'Overview of blockchain and distributed ledgers', 'Presentation', 48),
	(96, 'Cryptocurrency Applications', 1, 90, 'Practical exercises in cryptocurrency development', 'Workshop', 48),
	(97, 'Principles of Green Chemistry', 0, 45, 'Overview of environmentally friendly chemical practices', 'Presentation', 49),
	(98, 'Implementation of Green Chemistry', 1, 75, 'Hands-on exercises in green chemical processes', 'Workshop', 49),
	(99, 'Fundamentals of Solar Photovoltaics', 0, 60, 'Overview of solar energy and photovoltaic technology', 'Presentation', 50),
	(100, 'Design and Installation Practices', 1, 90, 'Practical exercises in solar system design', 'Workshop', 50),
	(101, 'Introduction to Nanomaterials', 0, 60, 'Overview of nanomaterials and their properties', 'Presentation', 51),
	(102, 'Nanomaterials in Energy Storage', 1, 90, 'Practical exercises in nanomaterial applications', 'Workshop', 51),
	(103, 'Foundations of Urban Planning', 0, 45, 'Overview of urban planning principles', 'Presentation', 52),
	(104, 'Implementing Sustainable Practices', 1, 75, 'Case studies and exercises in sustainable urban planning', 'Workshop', 52),
	(105, 'Fundamentals of Reinforcement Learning', 0, 60, 'Overview of reinforcement learning principles', 'Presentation', 53),
	(106, 'Practical Applications', 1, 90, 'Hands-on exercises in reinforcement learning applications', 'Workshop', 53),
	(107, 'Overview of Waste-to-Energy', 0, 45, 'Introduction to waste-to-energy principles', 'Presentation', 54),
	(108, 'Technology Implementation', 1, 75, 'Case studies and practical exercises in waste-to-energy', 'Workshop', 54),
	(109, 'Challenges in IoT Security', 0, 60, 'Overview of security challenges in IoT', 'Presentation', 55),
	(110, 'Security Protocols and Practices', 1, 90, 'Practical exercises in implementing IoT security practices', 'Workshop', 55),
	(111, 'Introduction to Humanoid Robots', 0, 60, 'Overview of humanoid robot principles', 'Presentation', 56),
	(112, 'Programming Humanoid Robot Movements', 1, 90, 'Practical exercises in humanoid robot programming', 'Workshop', 56),
	(113, 'Introduction to Medical Imaging', 0, 45, 'Overview of medical imaging techniques', 'Presentation', 57),
	(114, 'Diagnostic Imaging Procedures', 1, 75, 'Hands-on exercises in medical imaging diagnostics', 'Workshop', 57),
	(115, 'Fundamentals of NLP', 0, 60, 'Overview of NLP concepts and applications', 'Presentation', 58),
	(116, 'NLP Applications in Data Analysis', 1, 90, 'Practical exercises in NLP for data analysis', 'Workshop', 58),
	(117, 'Introduction to Bioremediation', 0, 45, 'Overview of bioremediation principles', 'Presentation', 59),
	(118, 'Bioremediation Implementation', 1, 75, 'Case studies and practical exercises in bioremediation', 'Workshop', 59),
	(119, 'Wind Energy Fundamentals', 0, 60, 'Overview of wind energy principles', 'Presentation', 60),
	(120, 'Turbine Design and Operation', 1, 90, 'Practical exercises in wind turbine design', 'Workshop', 60),
	(121, 'Introduction to Exoplanets', 0, 60, 'Overview of exoplanet characteristics and discovery', 'Presentation', 61),
	(122, 'Exoplanet Detection Techniques', 1, 90, 'Practical exercises in exoplanet detection methods', 'Workshop', 61),
	(123, 'Gene Editing Technologies', 0, 45, 'Overview of CRISPR and other gene editing methods', 'Presentation', 62),
	(124, 'Therapeutic Applications', 1, 75, 'Case studies and exercises in therapeutic gene editing', 'Workshop', 62),
	(125, 'Fundamentals of Computer Vision', 0, 60, 'Overview of computer vision concepts and applications', 'Presentation', 63),
	(126, 'Practical Applications', 1, 90, 'Hands-on exercises in computer vision applications', 'Workshop', 63),
	(127, 'Green Chemistry Principles', 0, 45, 'Introduction to environmentally friendly chemical practices', 'Presentation', 64),
	(128, 'Implementation of Green Chemistry', 1, 75, 'Hands-on exercises in green chemical processes', 'Workshop', 64),
	(129, 'Fundamentals of Solar Photovoltaics', 0, 60, 'Overview of solar energy and photovoltaic technology', 'Presentation', 65),
	(130, 'Design and Installation Practices', 1, 90, 'Practical exercises in solar system design', 'Workshop', 65),
	(131, 'Data Visualization Principles', 1, 60, 'Introduction to data visualization concepts', 'Presentation', 66),
	(132, 'Hands-on Visualization Tools', 0, 90, 'Practical exercises with popular visualization tools', 'Workshop', 66),
	(133, 'Advanced Visualization Techniques', 1, 120, 'In-depth coverage of advanced visualization methods', 'Presentation', 66),
	(134, 'Introduction to the Topic', 1, 60, 'Overview of the topic', 'Presentation', 67),
	(135, 'Hands-on Practice', 0, 90, 'Practical exercises', 'Workshop', 67),
	(136, 'Advanced Concepts', 1, 120, 'In-depth coverage of advanced concepts', 'Presentation', 67),
	(137, 'Advanced Hands-on Practice', 1, 150, 'Advanced practical exercises', 'Workshop', 68),
	(138, 'Review and Q&A', 1, 60, 'Review key concepts and answer questions', 'Discussion', 68),
	(139, 'Final Assessment', 0, 120, 'Test participants\' knowledge', 'Assessment', 68),
	(140, 'Python Basics', 1, 60, 'Introduction to Python programming', 'Presentation', 69),
	(141, 'Hands-on Practice with Python', 0, 90, 'Coding exercises in Python', 'Workshop', 69),
	(142, 'Understanding Data Structures', 1, 60, 'Introduction to data structures', 'Presentation', 70),
	(143, 'Algorithm Design and Analysis', 0, 90, 'Practical exercises on algorithm design', 'Workshop', 70),
	(144, 'Java Basics', 1, 60, 'Introduction to Java programming', 'Presentation', 71),
	(145, 'Hands-on Practice with Java', 0, 90, 'Coding exercises in Java', 'Workshop', 71);

-- Dumping data for table fams.training_program: ~34 rows (approximately)
REPLACE INTO `training_program` (`training_code`, `creation_date`, `last_modified_date`, `duration`, `name`, `start_time`, `status`, `create_by`, `modify_by`, `user_id`) VALUES
	(4, '2023-03-06', '2023-12-14', 16, 'SkillSprint', '2023-11-19', 'INACTIVE', 1, 1, 1),
	(6, '2023-09-08', '2023-12-12', 22, 'CodeCrafting', '2023-11-22', 'ACTIVE', 1, 1, 1),
	(8, '2023-08-14', '2023-12-04', 24, 'LearnLiftOff', '2023-11-24', 'ACTIVE', 1, 1, 1),
	(9, '2023-09-24', '2023-12-12', 10, 'ProTrainer', '2023-11-16', 'ACTIVE', 1, 1, NULL),
	(10, '2023-01-12', '2023-12-14', 390, 'SkillForge', '2023-11-16', 'INACTIVE', 1, 1, NULL),
	(11, '2023-09-10', '2023-12-13', 32, 'TechTorch', '2023-11-16', 'ACTIVE', 1, 1, NULL),
	(14, '2023-12-01', '2023-12-13', 17, 'TrainSwift', '2023-11-16', 'ACTIVE', 1, 1, NULL),
	(15, '2023-03-06', '2023-12-13', 20, 'PeakSkills', '2023-11-16', 'INACTIVE', 1, 3, NULL),
	(16, '2023-09-05', '2023-12-06', 18, 'EduPulse', '2023-11-16', 'INACTIVE', 3, 1, NULL),
	(19, '2023-08-16', '2023-12-06', 18, 'MentorMax', '2023-11-16', 'INACTIVE', 4, 1, NULL),
	(22, '2023-08-22', '2023-12-07', 11, 'ApexLearn', '2023-11-16', 'INACTIVE', 1, 1, NULL),
	(23, '2023-08-18', '2023-12-08', 0, 'IQIgnite', '2023-11-19', 'DRAFTING', 1, 1, NULL),
	(24, '2023-01-01', '2023-12-08', 10, 'BoostCamp', '2023-11-22', 'INACTIVE', 1, 1, NULL),
	(25, '2023-12-30', '2023-12-08', 10, 'AgileAid', '2023-11-24', 'INACTIVE', 1, 1, NULL),
	(26, '2023-08-07', '2023-12-08', 10, 'QuickSkills', '2023-11-16', 'INACTIVE', 1, 1, NULL),
	(27, '2023-06-03', '2023-12-08', 10, 'DevMinds', '2023-11-16', 'INACTIVE', 1, 1, NULL),
	(28, '2023-11-23', '2023-12-08', 10, 'ByteBoost', '2023-11-16', 'INACTIVE', 1, 1, NULL),
	(29, '2023-05-04', '2023-12-08', 10, 'XpertEdge', '2023-11-16', 'INACTIVE', 1, 1, NULL),
	(30, '2023-07-21', '2023-12-08', 10, 'SparkLearn', '2023-11-16', 'INACTIVE', 1, 1, NULL),
	(32, '2023-04-21', '2023-12-08', 10, 'QuantumIQ', '2023-11-16', 'INACTIVE', 1, 1, NULL),
	(33, '2023-07-31', '2023-12-08', 10, 'SkillHub', '2023-11-16', 'INACTIVE', 1, 1, NULL),
	(34, '2023-10-21', '2023-12-08', 10, 'CodeBlast', '2023-11-16', 'INACTIVE', 1, 1, NULL),
	(36, '2023-07-01', '2023-12-08', 10, 'LearnVista', '2023-11-19', 'INACTIVE', 1, 1, NULL),
	(37, '2023-01-25', '2023-12-08', 10, 'SmartZoom', '2023-11-22', 'INACTIVE', 2, 2, NULL),
	(38, '2023-01-15', '2023-12-08', 24, 'BrainFuel', '2023-11-24', 'INACTIVE', 2, 2, NULL),
	(43, '2023-01-17', '2023-12-12', 17, 'EduPulseX', '2023-11-16', 'INACTIVE', NULL, NULL, NULL),
	(44, '2023-11-05', '2023-12-13', 12, 'MentorMix', '2023-11-16', 'INACTIVE', 1, 1, NULL),
	(45, '2023-07-05', '2023-12-13', 12, 'SparkByte', '2023-11-16', 'INACTIVE', 1, 1, NULL),
	(46, '2023-07-05', '2023-12-13', 0, 'SwiftFlow', '2023-11-16', 'DRAFTING', 1, 1, NULL),
	(47, '2023-06-30', '2023-12-13', 17, 'ProMinds', '2023-11-16', 'INACTIVE', 1, 1, NULL),
	(48, '2023-08-18', '2023-12-13', 0, 'QuantumLab', '2023-11-16', 'INACTIVE', 1, 1, NULL),
	(49, '2023-03-02', '2023-12-13', 4, 'EliteLearn', '2023-11-16', 'ACTIVE', 1, 3, NULL),
	(50, '2023-08-21', '2023-12-13', 0, 'ByteBoostX', '2023-11-16', 'DRAFTING', 3, 3, NULL),
	(51, '2023-04-01', '2023-12-13', 14, 'TrainIQX', '2023-11-16', 'INACTIVE', 3, 3, NULL);

-- Dumping data for table fams.training_program_syllabus: ~0 rows (approximately)
REPLACE INTO `training_program_syllabus` (`id`, `sequence`, `topic_code`, `training_code`) VALUES
	(196, 16, 'A34', 30),
	(197, 19, 'A46', 43),
	(199, 20, 'A48', 46),
	(200, 1, 'A01', 26),
	(201, 18, 'A37', 37),
	(202, 21, 'A50', 50),
	(203, 1, 'A03', 8),
	(204, 22, 'A51', 51),
	(205, 1, 'A14', 22),
	(206, 1, 'A11', 11),
	(207, 8, 'A12', 47),
	(208, 1, 'A33', 16),
	(209, 1, 'A21', 6),
	(210, 2, 'A02', 28),
	(211, 8, 'A11', 44),
	(212, 9, 'A12', 27),
	(213, 1, 'A15', 15),
	(214, 17, 'A36', 32),
	(215, 14, 'A24', 24),
	(216, 1, 'A09', 9),
	(217, 1, 'A18', 14),
	(218, 1, 'A04', 19),
	(219, 24, 'A70', 38),
	(220, 23, 'A67', 34),
	(221, 2, 'A03', 6),
	(222, 3, 'A09', 6),
	(223, 4, 'A10', 6),
	(224, 5, 'A11', 6),
	(225, 2, 'A33', 8),
	(226, 3, 'A04', 8),
	(227, 4, 'A14', 8),
	(228, 5, 'A24', 8),
	(229, 6, 'A01', 8),
	(230, 7, 'A12', 8),
	(231, 2, 'A02', 9),
	(232, 3, 'A12', 9),
	(233, 5, 'A34', 9),
	(234, 6, 'A36', 9),
	(235, 7, 'A67', 9),
	(236, 6, 'A37', 19),
	(237, 2, 'A70', 22),
	(243, 2, 'A36', 19),
	(244, 3, 'A67', 19),
	(245, 4, 'A37', 19),
	(246, 5, 'A70', 19),
	(250, 1, 'A10', 10),
	(251, 2, 'A02', 10),
	(252, 3, 'A07', 10),
	(253, 4, 'A05', 10);

-- Dumping data for table fams.training_unit: ~71 rows (approximately)
REPLACE INTO `training_unit` (`training_unit_id`, `day_number`, `unit_name`, `topic_code`) VALUES
	(1, 1, 'Unit 1', 'A01'),
	(2, 1, 'Unit 1', 'A02'),
	(3, 1, 'Unit 1', 'A03'),
	(4, 1, 'Unit 1', 'A04'),
	(5, 1, 'Unit 1', 'A05'),
	(6, 1, 'Unit 1', 'A06'),
	(7, 1, 'Unit 1', 'A07'),
	(8, 1, 'Unit 1', 'A08'),
	(9, 1, 'Unit 1', 'A09'),
	(10, 1, 'Unit 1', 'A10'),
	(11, 1, 'Unit 1', 'A11'),
	(12, 1, 'Unit 1', 'A12'),
	(13, 1, 'Unit 1', 'A13'),
	(14, 1, 'Unit 1', 'A14'),
	(15, 1, 'Unit 1', 'A15'),
	(16, 1, 'Unit 1', 'A16'),
	(17, 1, 'Unit 1', 'A17'),
	(18, 1, 'Unit 1', 'A18'),
	(19, 1, 'Unit 1', 'A19'),
	(20, 1, 'Unit 1', 'A20'),
	(21, 1, 'Unit 1', 'A21'),
	(22, 1, 'Unit 1', 'A22'),
	(23, 1, 'Unit 1', 'A23'),
	(24, 1, 'Unit 1', 'A24'),
	(25, 1, 'Unit 1', 'A25'),
	(26, 1, 'Unit 1', 'A26'),
	(27, 1, 'Unit 1', 'A27'),
	(28, 1, 'Unit 1', 'A28'),
	(29, 1, 'Unit 1', 'A29'),
	(30, 1, 'Unit 1', 'A30'),
	(31, 1, 'Unit 1', 'A31'),
	(32, 1, 'Unit 1', 'A32'),
	(33, 1, 'Unit 1', 'A33'),
	(34, 1, 'Unit 1', 'A34'),
	(35, 1, 'Unit 1', 'A35'),
	(36, 1, 'Unit 1', 'A36'),
	(37, 1, 'Unit 1', 'A37'),
	(38, 1, 'Unit 1', 'A38'),
	(39, 1, 'Unit 1', 'A39'),
	(40, 1, 'Unit 1', 'A40'),
	(41, 1, 'Unit 1', 'A41'),
	(42, 1, 'Unit 1', 'A42'),
	(43, 1, 'Unit 1', 'A43'),
	(44, 1, 'Unit 1', 'A44'),
	(45, 1, 'Unit 1', 'A45'),
	(46, 1, 'Unit 1', 'A46'),
	(48, 1, 'Unit 1', 'A48'),
	(49, 1, 'Unit 1', 'A49'),
	(50, 1, 'Unit 1', 'A50'),
	(51, 1, 'Unit 1', 'A51'),
	(52, 1, 'Unit 1', 'A52'),
	(53, 1, 'Unit 1', 'A53'),
	(54, 1, 'Unit 1', 'A54'),
	(55, 1, 'Unit 1', 'A55'),
	(56, 1, 'Unit 1', 'A56'),
	(57, 1, 'Unit 1', 'A57'),
	(58, 1, 'Unit 1', 'A58'),
	(59, 1, 'Unit 1', 'A59'),
	(60, 1, 'Unit 1', 'A60'),
	(61, 1, 'Unit 1', 'A61'),
	(62, 1, 'Unit 1', 'A62'),
	(63, 1, 'Unit 1', 'A63'),
	(64, 1, 'Unit 1', 'A64'),
	(65, 1, 'Unit 1', 'A65'),
	(66, 1, 'Data Viz Unit', 'A66'),
	(67, 1, 'Unit 1', 'A67'),
	(68, 1, 'Unit 2', 'A67'),
	(69, 1, 'Unit 1', 'A68'),
	(70, 1, 'Unit 1', 'A69'),
	(71, 1, 'Unit 1', 'A70');

-- Dumping data for table fams.user: ~64 rows (approximately)
REPLACE INTO `user` (`user_id`, `creation_date`, `last_modified_date`, `dob`, `email`, `gender`, `is_first_login`, `name`, `password`, `phone`, `status`, `create_by`, `modify_by`, `class_user_id`, `role_id`) VALUES
	(1, '2023-07-12', '2023-12-14', '1999-01-12', 'super@test.com', 'M', b'1', '123', '$2a$10$C7UO3afG9uhhRe5obPBSZ.qOzkzbwYR457Dw3wghkbLghpO6y2wz2', '1234567890', 'ACTIVE', NULL, 1, NULL, 1),
	(2, '2023-03-15', '2023-12-11', NULL, 'admin@test.com', 'M', b'1', 'admin', '$2a$10$FzKm8E5uZvlhHzU.lqLHn.6Ck01/HDkh6Pm5LpCCkporzAVJJbQ3i', NULL, 'INACTIVE', NULL, 1, 3, 2),
	(3, '2023-10-02', '2023-12-12', NULL, 'trainer@test.com', 'M', b'1', 'trainer', '$2a$10$FzKm8E5uZvlhHzU.lqLHn.6Ck01/HDkh6Pm5LpCCkporzAVJJbQ3i', '', 'INACTIVE', NULL, 3, NULL, 3),
	(4, '2023-01-06', '2023-12-13', '1990-01-01', 'trien.nd92@gmail.com', 'M', b'1', 'TK', '$2a$10$NRw0zsuFd.C9Ud2ND.hQd.wnI4Or/gSofKpExWM92mQn48ljgfGNi', '', 'INACTIVE', NULL, 4, NULL, 1),
	(7, '2023-12-17', '2023-12-12', '1985-08-22', 'bob.smith@example.com', 'M', b'1', 'Bob Smith', '$2a$10$FzKm8E5uZvlhHzU.lqLHn.6Ck01/HDkh6Pm5LpCCkporzAVJJbQ3i', '555-123-4567', 'ACTIVE', NULL, 2, NULL, 1),
	(8, '2023-05-28', '2023-12-12', '1988-05-10', 'alice.johnson@example.com', 'M', b'1', 'Alice Johnson', '$2a$10$FzKm8E5uZvlhHzU.lqLHn.6Ck01/HDkh6Pm5LpCCkporzAVJJbQ3i', '111-222-3333', 'ACTIVE', NULL, 1, NULL, 1),
	(10, '2023-11-04', '2023-12-13', '1995-02-18', 'eva.martinez@example.com', 'M', b'1', 'Eva Martinez', '$2a$10$FzKm8E5uZvlhHzU.lqLHn.6Ck01/HDkh6Pm5LpCCkporzAVJJbQ3i', '444-555-6666', 'ACTIVE', NULL, 1, NULL, 1),
	(11, '2023-04-19', '2023-12-14', '1980-09-03', 'david.lee@example.com', 'M', b'1', 'David Lee', '$2a$10$FzKm8E5uZvlhHzU.lqLHn.6Ck01/HDkh6Pm5LpCCkporzAVJJbQ3i', '999-888-7777', 'ACTIVE', NULL, 1, NULL, 1),
	(12, '2023-07-28', NULL, '1998-07-14', 'sophie.williams@example.com', 'M', b'1', 'Sophie Williams', '$2a$10$FzKm8E5uZvlhHzU.lqLHn.6Ck01/HDkh6Pm5LpCCkporzAVJJbQ3i', '333-222-1111', 'ACTIVE', NULL, NULL, NULL, 3),
	(13, '2023-10-11', NULL, '1982-12-30', 'michael.brown@example.com', 'M', b'1', 'Michael Brown', '$2a$10$FzKm8E5uZvlhHzU.lqLHn.6Ck01/HDkh6Pm5LpCCkporzAVJJbQ3i', '666-777-8888', 'ACTIVE', NULL, NULL, NULL, 3),
	(14, '2023-11-02', NULL, '1993-04-27', 'grace.miller@example.com', 'M', b'1', 'Grace Miller', '$2a$10$FzKm8E5uZvlhHzU.lqLHn.6Ck01/HDkh6Pm5LpCCkporzAVJJbQ3i', '555-444-3333', 'ACTIVE', NULL, NULL, NULL, 3),
	(15, '2023-12-10', NULL, '1987-08-08', 'ryan.davis@example.com', 'M', b'1', 'Ryan Davis', '$2a$10$FzKm8E5uZvlhHzU.lqLHn.6Ck01/HDkh6Pm5LpCCkporzAVJJbQ3i', '777-999-1111', 'ACTIVE', NULL, NULL, NULL, 3),
	(16, '2023-06-15', NULL, '1990-11-15', 'emma.white@example.com', 'M', b'1', 'Emma White', '$2a$10$FzKm8E5uZvlhHzU.lqLHn.6Ck01/HDkh6Pm5LpCCkporzAVJJbQ3i', '888-777-6666', 'ACTIVE', NULL, NULL, NULL, 3),
	(17, '2023-01-31', NULL, '1985-03-20', 'john.smith@example.com', 'M', b'1', 'John Smith', '$2a$10$FzKm8E5uZvlhHzU.lqLHn.6Ck01/HDkh6Pm5LpCCkporzAVJJbQ3i', '111-222-3333', 'ACTIVE', NULL, NULL, NULL, 3),
	(18, '2023-01-06', NULL, '1992-08-10', 'emily.johnson@example.com', 'M', b'1', 'Emily Johnson', '$2a$10$FzKm8E5uZvlhHzU.lqLHn.6Ck01/HDkh6Pm5LpCCkporzAVJJbQ3i', '444-555-6666', 'ACTIVE', NULL, NULL, NULL, 3),
	(19, '2023-07-29', NULL, '1980-05-05', 'daniel.brown@example.com', 'M', b'1', 'Daniel Brown', '$2a$10$FzKm8E5uZvlhHzU.lqLHn.6Ck01/HDkh6Pm5LpCCkporzAVJJbQ3i', '777-888-9999', 'ACTIVE', NULL, NULL, NULL, 3),
	(20, '2023-12-24', NULL, '1994-12-18', 'olivia.davis@example.com', 'M', b'1', 'Olivia Davis', '$2a$10$FzKm8E5uZvlhHzU.lqLHn.6Ck01/HDkh6Pm5LpCCkporzAVJJbQ3i', '888-777-6666', 'ACTIVE', NULL, NULL, NULL, 3),
	(21, '2023-03-30', NULL, '1988-02-25', 'james.wilson@example.com', 'M', b'1', 'James Wilson', '$2a$10$FzKm8E5uZvlhHzU.lqLHn.6Ck01/HDkh6Pm5LpCCkporzAVJJbQ3i', '555-444-3333', 'ACTIVE', NULL, NULL, NULL, 3),
	(22, '2023-07-09', NULL, '1996-07-02', 'sophia.taylor@example.com', 'M', b'1', 'Sophia Taylor', '$2a$10$FzKm8E5uZvlhHzU.lqLHn.6Ck01/HDkh6Pm5LpCCkporzAVJJbQ3i', '222-333-4444', 'ACTIVE', NULL, NULL, NULL, 3),
	(23, '2023-12-14', NULL, '1987-09-14', 'michael.white@example.com', 'M', b'1', 'Michael White', '$2a$10$FzKm8E5uZvlhHzU.lqLHn.6Ck01/HDkh6Pm5LpCCkporzAVJJbQ3i', '666-555-4444', 'ACTIVE', NULL, NULL, NULL, 3),
	(24, '2023-03-06', NULL, '1991-04-30', 'ava.martinez@example.com', 'M', b'1', 'Ava Martinez', '$2a$10$FzKm8E5uZvlhHzU.lqLHn.6Ck01/HDkh6Pm5LpCCkporzAVJJbQ3i', '999-888-7777', 'ACTIVE', NULL, NULL, NULL, 3),
	(25, '2023-09-08', NULL, '1983-11-08', 'william.moore@example.com', 'M', b'1', 'William Moore', '$2a$10$FzKm8E5uZvlhHzU.lqLHn.6Ck01/HDkh6Pm5LpCCkporzAVJJbQ3i', '333-222-1111', 'ACTIVE', NULL, NULL, NULL, 3),
	(26, '2023-08-14', NULL, '1995-06-22', 'emma.johnson@example.com', 'M', b'1', 'Emma Johnson', '$2a$10$FzKm8E5uZvlhHzU.lqLHn.6Ck01/HDkh6Pm5LpCCkporzAVJJbQ3i', '777-666-5555', 'ACTIVE', NULL, NULL, NULL, 3),
	(27, '2023-09-24', NULL, '1989-10-12', 'matthew.lee@example.com', 'M', b'1', 'Matthew Lee', '$2a$10$FzKm8E5uZvlhHzU.lqLHn.6Ck01/HDkh6Pm5LpCCkporzAVJJbQ3i', '444-333-2222', 'ACTIVE', NULL, NULL, NULL, 3),
	(28, '2023-01-12', NULL, '1993-01-07', 'sophie.miller@example.com', 'M', b'1', 'Sophie Miller', '$2a$10$FzKm8E5uZvlhHzU.lqLHn.6Ck01/HDkh6Pm5LpCCkporzAVJJbQ3i', '666-777-8888', 'ACTIVE', NULL, NULL, NULL, 3),
	(29, '2023-09-10', NULL, '1984-06-05', 'ethan.brown@example.com', 'M', b'1', 'Ethan Brown', '$2a$10$FzKm8E5uZvlhHzU.lqLHn.6Ck01/HDkh6Pm5LpCCkporzAVJJbQ3i', '555-666-7777', 'ACTIVE', NULL, NULL, NULL, 3),
	(30, '2023-12-01', NULL, '1997-09-28', 'ava.wilson@example.com', 'M', b'1', 'Ava Wilson', '$2a$10$FzKm8E5uZvlhHzU.lqLHn.6Ck01/HDkh6Pm5LpCCkporzAVJJbQ3i', '999-111-2222', 'ACTIVE', NULL, NULL, NULL, 3),
	(31, '2023-03-06', NULL, '1986-04-17', 'christopher.davis@example.com', 'M', b'1', 'Christopher Davis', '$2a$10$FzKm8E5uZvlhHzU.lqLHn.6Ck01/HDkh6Pm5LpCCkporzAVJJbQ3i', '888-999-0000', 'ACTIVE', NULL, NULL, NULL, 3),
	(32, '2023-09-05', NULL, '1990-08-30', 'chloe.taylor@example.com', 'M', b'1', 'Chloe Taylor', '$2a$10$FzKm8E5uZvlhHzU.lqLHn.6Ck01/HDkh6Pm5LpCCkporzAVJJbQ3i', '111-222-3333', 'ACTIVE', NULL, NULL, NULL, 3),
	(33, '2023-08-16', NULL, '1982-03-08', 'alexander.moore@example.com', 'M', b'1', 'Alexander Moore', '$2a$10$FzKm8E5uZvlhHzU.lqLHn.6Ck01/HDkh6Pm5LpCCkporzAVJJbQ3i', '444-555-6666', 'ACTIVE', NULL, NULL, NULL, 3),
	(34, '2023-08-22', NULL, '1998-12-25', 'mia.white@example.com', 'M', b'1', 'Mia White', '$2a$10$FzKm8E5uZvlhHzU.lqLHn.6Ck01/HDkh6Pm5LpCCkporzAVJJbQ3i', '777-888-9999', 'ACTIVE', NULL, NULL, NULL, 3),
	(35, '2023-08-18', NULL, '1981-07-11', 'daniel.wilson@example.com', 'M', b'1', 'Daniel Wilson', '$2a$10$FzKm8E5uZvlhHzU.lqLHn.6Ck01/HDkh6Pm5LpCCkporzAVJJbQ3i', '555-666-7777', 'ACTIVE', NULL, NULL, NULL, 3),
	(36, '2023-01-01', NULL, '1996-02-14', 'olivia.lee@example.com', 'M', b'1', 'Olivia Lee', '$2a$10$FzKm8E5uZvlhHzU.lqLHn.6Ck01/HDkh6Pm5LpCCkporzAVJJbQ3i', '888-999-0000', 'ACTIVE', NULL, NULL, NULL, 3),
	(37, '2023-12-30', NULL, '1988-09-15', 'elijah.taylor@example.com', 'M', b'1', 'Elijah Taylor', '$2a$10$FzKm8E5uZvlhHzU.lqLHn.6Ck01/HDkh6Pm5LpCCkporzAVJJbQ3i', '111-222-3333', 'ACTIVE', NULL, NULL, NULL, 3),
	(38, '2023-08-07', NULL, '1993-05-20', 'amelia.brown@example.com', 'M', b'1', 'Amelia Brown', '$2a$10$FzKm8E5uZvlhHzU.lqLHn.6Ck01/HDkh6Pm5LpCCkporzAVJJbQ3i', '444-555-6666', 'ACTIVE', NULL, NULL, NULL, 3),
	(39, '2023-06-03', NULL, '1981-02-10', 'benjamin.wilson@example.com', 'M', b'1', 'Benjamin Wilson', '$2a$10$FzKm8E5uZvlhHzU.lqLHn.6Ck01/HDkh6Pm5LpCCkporzAVJJbQ3i', '777-888-9999', 'ACTIVE', NULL, NULL, NULL, 3),
	(40, '2023-11-23', NULL, '1996-12-18', 'ella.martinez@example.com', 'M', b'1', 'Ella Martinez', '$2a$10$FzKm8E5uZvlhHzU.lqLHn.6Ck01/HDkh6Pm5LpCCkporzAVJJbQ3i', '888-777-6666', 'ACTIVE', NULL, NULL, NULL, 3),
	(41, '2023-05-04', NULL, '1985-03-25', 'henry.davis@example.com', 'M', b'1', 'Henry Davis', '$2a$10$FzKm8E5uZvlhHzU.lqLHn.6Ck01/HDkh6Pm5LpCCkporzAVJJbQ3i', '555-444-3333', 'ACTIVE', NULL, NULL, NULL, 3),
	(42, '2023-07-21', NULL, '1991-08-02', 'lily.white@example.com', 'M', b'1', 'Lily White', '$2a$10$FzKm8E5uZvlhHzU.lqLHn.6Ck01/HDkh6Pm5LpCCkporzAVJJbQ3i', '222-333-4444', 'ACTIVE', NULL, NULL, NULL, 3),
	(43, '2023-04-21', NULL, '1987-10-14', 'gabriel.johnson@example.com', 'M', b'1', 'Gabriel Johnson', '$2a$10$FzKm8E5uZvlhHzU.lqLHn.6Ck01/HDkh6Pm5LpCCkporzAVJJbQ3i', '666-555-4444', 'ACTIVE', NULL, NULL, NULL, 3),
	(44, '2023-07-31', NULL, '1995-05-30', 'scarlett.moore@example.com', 'M', b'1', 'Scarlett Moore', '$2a$10$FzKm8E5uZvlhHzU.lqLHn.6Ck01/HDkh6Pm5LpCCkporzAVJJbQ3i', '999-888-7777', 'ACTIVE', NULL, NULL, NULL, 3),
	(45, '2023-10-21', NULL, '1983-12-08', 'jack.wilson@example.com', 'M', b'1', 'Jack Wilson', '$2a$10$FzKm8E5uZvlhHzU.lqLHn.6Ck01/HDkh6Pm5LpCCkporzAVJJbQ3i', '333-222-1111', 'ACTIVE', NULL, NULL, NULL, 3),
	(46, '2023-07-01', NULL, '1998-07-22', 'aria.lee@example.com', 'M', b'1', 'Aria Lee', '$2a$10$FzKm8E5uZvlhHzU.lqLHn.6Ck01/HDkh6Pm5LpCCkporzAVJJbQ3i', '777-666-5555', 'ACTIVE', NULL, NULL, NULL, 3),
	(47, '2023-01-25', NULL, '1989-05-15', 'logan.johnson@example.com', 'F', b'1', 'Logan Johnson', '$2a$10$FzKm8E5uZvlhHzU.lqLHn.6Ck01/HDkh6Pm5LpCCkporzAVJJbQ3i', '111-222-3333', 'ACTIVE', NULL, NULL, NULL, 2),
	(48, '2023-01-15', NULL, '1994-10-20', 'avery.davis@example.com', 'F', b'1', 'Avery Davis', '$2a$10$FzKm8E5uZvlhHzU.lqLHn.6Ck01/HDkh6Pm5LpCCkporzAVJJbQ3i', '444-555-6666', 'ACTIVE', NULL, NULL, NULL, 2),
	(49, '2023-01-17', NULL, '1982-03-10', 'carter.brown@example.com', 'F', b'1', 'Carter Brown', '$2a$10$FzKm8E5uZvlhHzU.lqLHn.6Ck01/HDkh6Pm5LpCCkporzAVJJbQ3i', '777-888-9999', 'ACTIVE', NULL, NULL, NULL, 2),
	(50, '2023-11-05', '2023-12-14', '1997-01-18', 'abigail.wilson@example.com', 'F', b'1', 'Abigail Wilson', '$2a$10$FzKm8E5uZvlhHzU.lqLHn.6Ck01/HDkh6Pm5LpCCkporzAVJJbQ3i', '888-777-6666', 'ACTIVE', NULL, 1, 14, 2),
	(51, '2023-07-05', NULL, '1986-08-25', 'grayson.taylor@example.com', 'F', b'1', 'Grayson Taylor', '$2a$10$FzKm8E5uZvlhHzU.lqLHn.6Ck01/HDkh6Pm5LpCCkporzAVJJbQ3i', '555-444-3333', 'ACTIVE', NULL, NULL, NULL, 2),
	(52, '2023-07-05', NULL, '1992-01-02', 'sofia.white@example.com', 'F', b'1', 'Sofia White', '$2a$10$FzKm8E5uZvlhHzU.lqLHn.6Ck01/HDkh6Pm5LpCCkporzAVJJbQ3i', '222-333-4444', 'ACTIVE', NULL, NULL, NULL, 2),
	(53, '2023-06-30', NULL, '1988-11-14', 'jackson.martinez@example.com', 'F', b'1', 'Jackson Martinez', '$2a$10$FzKm8E5uZvlhHzU.lqLHn.6Ck01/HDkh6Pm5LpCCkporzAVJJbQ3i', '666-555-4444', 'ACTIVE', NULL, NULL, NULL, 2),
	(54, '2023-08-18', NULL, '1996-06-30', 'hazel.moore@example.com', 'F', b'1', 'Hazel Moore', '$2a$10$FzKm8E5uZvlhHzU.lqLHn.6Ck01/HDkh6Pm5LpCCkporzAVJJbQ3i', '999-888-7777', 'ACTIVE', NULL, NULL, NULL, 2),
	(55, '2023-03-02', NULL, '1984-12-08', 'owen.wilson@example.com', 'F', b'1', 'Owen Wilson', '$2a$10$FzKm8E5uZvlhHzU.lqLHn.6Ck01/HDkh6Pm5LpCCkporzAVJJbQ3i', '333-222-1111', 'ACTIVE', NULL, NULL, NULL, 2),
	(56, '2023-08-21', NULL, '1999-07-22', 'chloe.lee@example.com', 'F', b'1', 'Chloe Lee', '$2a$10$FzKm8E5uZvlhHzU.lqLHn.6Ck01/HDkh6Pm5LpCCkporzAVJJbQ3i', '777-666-5555', 'ACTIVE', NULL, NULL, NULL, 2),
	(57, '2023-04-01', NULL, '1989-05-15', 'logan.johnson@example.com', 'F', b'1', 'Logan Johnson', '$2a$10$FzKm8E5uZvlhHzU.lqLHn.6Ck01/HDkh6Pm5LpCCkporzAVJJbQ3i', '111-222-3333', 'ACTIVE', NULL, NULL, NULL, 2),
	(58, '2023-01-19', NULL, '1994-10-20', 'avery.davis@example.com', 'F', b'1', 'Avery Davis', '$2a$10$FzKm8E5uZvlhHzU.lqLHn.6Ck01/HDkh6Pm5LpCCkporzAVJJbQ3i', '444-555-6666', 'ACTIVE', NULL, NULL, NULL, 2),
	(59, '2023-08-21', NULL, '1982-03-10', 'carter.brown@example.com', 'F', b'1', 'Carter Brown', '$2a$10$FzKm8E5uZvlhHzU.lqLHn.6Ck01/HDkh6Pm5LpCCkporzAVJJbQ3i', '777-888-9999', 'ACTIVE', NULL, NULL, NULL, 2),
	(60, '2023-12-08', '2023-12-13', '1997-01-18', 'abigail.wilson@example.com', 'F', b'1', 'Abigail Wilson', '$2a$10$FzKm8E5uZvlhHzU.lqLHn.6Ck01/HDkh6Pm5LpCCkporzAVJJbQ3i', '888-777-6666', 'ACTIVE', NULL, 1, 7, 2),
	(61, '2023-03-05', '2023-12-14', '1986-08-25', 'grayson.taylor@example.com', 'F', b'1', 'Grayson Taylor', '$2a$10$FzKm8E5uZvlhHzU.lqLHn.6Ck01/HDkh6Pm5LpCCkporzAVJJbQ3i', '555-444-3333', 'ACTIVE', NULL, 1, 15, 2),
	(62, '2023-06-04', NULL, '1992-01-02', 'sofia.white@example.com', 'F', b'1', 'Sofia White', '$2a$10$FzKm8E5uZvlhHzU.lqLHn.6Ck01/HDkh6Pm5LpCCkporzAVJJbQ3i', '222-333-4444', 'ACTIVE', NULL, NULL, NULL, 2),
	(63, '2023-02-01', NULL, '1988-11-14', 'jackson.martinez@example.com', 'F', b'1', 'Jackson Martinez', '$2a$10$FzKm8E5uZvlhHzU.lqLHn.6Ck01/HDkh6Pm5LpCCkporzAVJJbQ3i', '666-555-4444', 'ACTIVE', NULL, NULL, NULL, 2),
	(64, '2023-05-02', NULL, '1996-06-30', 'hazel.moore@example.com', 'F', b'1', 'Hazel Moore', '$2a$10$FzKm8E5uZvlhHzU.lqLHn.6Ck01/HDkh6Pm5LpCCkporzAVJJbQ3i', '999-888-7777', 'ACTIVE', NULL, NULL, NULL, 2),
	(65, '2023-07-10', NULL, '1984-12-08', 'owen.wilson@example.com', 'F', b'1', 'Owen Wilson', '$2a$10$FzKm8E5uZvlhHzU.lqLHn.6Ck01/HDkh6Pm5LpCCkporzAVJJbQ3i', '333-222-1111', 'ACTIVE', NULL, NULL, NULL, 2),
	(66, '2023-02-04', NULL, '1999-07-22', 'chloe.lee@example.com', 'F', b'1', 'Chloe Lee', '$2a$10$FzKm8E5uZvlhHzU.lqLHn.6Ck01/HDkh6Pm5LpCCkporzAVJJbQ3i', '777-666-5555', 'ACTIVE', NULL, NULL, NULL, 2),
	(67, '2023-07-30', '2023-12-13', '2023-12-01', 'trien.nd9232@gmail.com', 'M', b'0', 'Nguyn Duy Trin', '$2a$10$DeAs3o8/C0UGPq7R2U19xOYB7MfRcTrrHXMflNgTicZE1EkUp2.SO', '1234567890', 'INACTIVE', 2, 2, NULL, 2);

-- Dumping data for table fams.user_permission: ~20 rows (approximately)
REPLACE INTO `user_permission` (`permission_id`, `creation_date`, `last_modified_date`, `permission`, `create_by`, `modify_by`) VALUES
	(1, NULL, NULL, 'CREATE_USER', 1, 1),
	(2, NULL, NULL, 'READ_USER', 1, 1),
	(3, NULL, NULL, 'UPDATE_USER', 1, 1),
	(4, NULL, NULL, 'DELETE_USER', 1, 1),
	(5, NULL, NULL, 'IMPORT_USER', 1, 1),
	(6, NULL, NULL, 'CREATE_SYLLABUS', 1, 1),
	(7, NULL, NULL, 'READ_SYLLABUS', 1, 1),
	(8, NULL, NULL, 'UPDATE_SYLLABUS', 1, 1),
	(9, NULL, NULL, 'DELETE_SYLLABUS', 1, 1),
	(10, NULL, NULL, 'IMPORT_SYLLABUS', 1, 1),
	(11, NULL, NULL, 'CREATE_TRAINING', 1, 1),
	(12, NULL, NULL, 'READ_TRAINING', 1, 1),
	(13, NULL, NULL, 'UPDATE_TRAINING', 1, 1),
	(14, NULL, NULL, 'DELETE_TRAINING', 1, 1),
	(15, NULL, NULL, 'IMPORT_TRAINING', 1, 1),
	(16, NULL, NULL, 'CREATE_CLASS', 1, 1),
	(17, NULL, NULL, 'READ_CLASS', 1, 1),
	(18, NULL, NULL, 'UPDATE_CLASS', 1, 1),
	(19, NULL, NULL, 'DELETE_CLASS', 1, 1),
	(20, NULL, NULL, 'IMPORT_CLASS', 1, 1);

-- Dumping data for table fams.user_temporary: ~1 rows (approximately)
REPLACE INTO `user_temporary` (`id`, `code`, `create_at`, `email`, `expire_at`, `name`) VALUES
	(9, 'cpp3tExj0mm9cdH012RAQawkcGXIac2dDM99Cic5PJ1hq', '2023-12-13 13:14:46.511782', 'trien.nd92@gmail.com', '2023-12-13 13:15:46.511782', 'TK');

/*!40103 SET TIME_ZONE=IFNULL(@OLD_TIME_ZONE, 'system') */;
/*!40101 SET SQL_MODE=IFNULL(@OLD_SQL_MODE, '') */;
/*!40014 SET FOREIGN_KEY_CHECKS=IFNULL(@OLD_FOREIGN_KEY_CHECKS, 1) */;
/*!40101 SET CHARACTER_SET_CLIENT=@OLD_CHARACTER_SET_CLIENT */;
/*!40111 SET SQL_NOTES=IFNULL(@OLD_SQL_NOTES, 1) */;
